n,d,p
0,1,4.6816763546921983e-97
1,1,1.730559496199469e-07
320,319,1.498129017498527e-94
312,311,4.786366991253838e-82
304,303,6.499957809553675e-72
296,295,3.145492573286004e-63
288,287,1.3122400534773725e-55
280,279,7.678167084124904e-49
272,271,8.571483497622141e-43
264,263,2.254997607428631e-37
256,255,1.6293756602907666e-32
248,247,3.6285674507067465e-28
240,239,2.7226738921917394e-24
232,231,7.384351576073737e-21
224,223,7.656747187527049e-18
216,215,3.1752855674954526e-15
208,207,5.46153822610855e-13
200,199,4.011526136357891e-11
192,191,1.287692388367436e-09
184,183,1.8390930441854634e-08
176,175,1.184295551795502e-07
168,167,3.470027816722026e-07
160,159,4.6501691500366913e-07
156,155,3.872968623756199e-80
152,151,2.8541354336674827e-07
148,147,1.2448286858779037e-61
144,143,8.00452724731346e-08
140,139,1.940565323761557e-47
136,135,1.0194972310158697e-08
132,131,4.057429722810859e-36
128,127,5.837538827265597e-10
124,123,4.926604988755025e-27
120,119,1.4811788811199664e-11
116,115,7.836406432173076e-20
112,111,1.6345183532231542e-13
108,107,2.6937005897586104e-14
320,317,2.5328867298847974e-90
104,103,4.167462958934916e-12
304,301,1.3064120757915469e-68
100,99,2.76013645742418e-10
296,293,3.4824927838562724e-60
96,95,8.008100050697162e-09
280,277,3.505570776574985e-46
92,91,1.0354308937365906e-07
272,269,2.7433849265900892e-40
88,87,6.04302388139865e-07
256,253,2.8368070292217898e-30
84,83,1.6057140623331568e-06
248,245,4.827545097350732e-26
80,79,1.951661900848732e-06
78,77,9.276641642298199e-77
232,229,6.016155879406385e-19
76,75,1.08609442243611e-06
224,221,4.968704667289943e-16
74,73,7.695159718824948e-59
72,71,2.759533422323404e-07
70,69,5.0512339261073755e-45
208,205,2.3045139026706588e-11
68,67,3.179981779743707e-08
200,197,1.3773551637776446e-09
66,65,5.446954626967512e-34
64,63,3.7775158476103286e-08
312,307,3.2733195062929734e-75
62,61,3.8063061866321e-25
184,181,4.230194824801021e-07
304,299,9.371614128928069e-66
60,59,3.758860650779277e-11
296,291,1.4247085930218498e-57
176,173,2.2377936973580843e-06
58,57,3.724413551771693e-18
288,283,2.32976876858881e-50
56,55,5.392427357733903e-06
272,267,3.416848580972312e-38
54,53,8.218160178603753e-13
160,157,5.944158436137296e-06
264,259,4.800789011258905e-33
52,51,1.0297627952839405e-10
256,251,1.954660894134682e-28
152,149,2.9987394926495357e-06
50,49,5.555077681349333e-09
248,243,2.5569851159682384e-24
148,145,2.291760351647916e-56
48,47,8.21865679819707e-07
140,137,6.562935596961728e-43
232,227,1.968337540118754e-17
46,45,1.3974147507809666e-06
320,313,2.9876039799334285e-83
136,133,7.192264325109621e-08
224,219,1.2989069493391514e-14
312,305,2.5935830653996605e-72
44,43,6.7011492013649045e-06
304,297,3.681087815791537e-63
216,211,3.486756639049978e-12
128,125,3.3571456285530815e-09
296,289,3.281885403732168e-55
42,41,1.4644111021836937e-05
208,203,3.934923071986506e-10
124,121,1.51531057732466e-23
288,281,3.463121000972111e-48
40,39,1.4657830653345502e-05
39,38,6.083772879453981e-71
272,265,2.4995365743103624e-36
116,113,9.193361880727648e-17
192,187,4.113157809058725e-07
38,37,6.693512131194531e-06
264,257,2.598893345601864e-31
112,109,6.684809541265817e-13
37,36,4.254983891883486e-54
184,179,3.950588023706884e-06
256,249,8.022068317418301e-27
36,35,1.3947263234654038e-06
320,311,4.004323440428799e-80
248,241,8.106907661358749e-23
176,171,1.7174234124022573e-05
35,34,5.47519282561754e-41
104,101,1.3309454981240396e-09
240,233,2.8953182463433014e-19
34,33,1.3142074579427068e-07
304,295,9.436044581472599e-61
168,163,3.403541518437244e-05
100,97,5.855060060588822e-08
232,225,3.8828545003903937e-16
33,32,1.660526690532498e-30
296,287,5.054564470381651e-53
32,31,3.1992134635925104e-05
156,151,2.4763453448907163e-68
280,271,4.404147878503719e-40
31,30,3.9786394305477516e-22
216,209,4.4480238522220446e-11
92,89,9.89221905311315e-06
152,147,1.2782830635723334e-05
272,263,1.267960021042027e-34
30,29,1.0248566928941191e-10
208,201,4.07671768003241e-09
148,143,5.5503102301177035e-52
88,85,3.898696105050142e-05
320,309,3.3357932683000242e-77
29,28,1.5067096480993935e-15
144,139,2.4110348379563285e-06
200,193,1.620215976265812e-07
256,247,2.3108898709117875e-25
312,301,4.366552856798457e-67
28,27,7.00641778323236e-05
304,293,1.7221999861895784e-58
248,239,1.8118597241975674e-21
192,185,2.8470104585495262e-06
136,131,2.0531695923695378e-07
27,26,1.3901429542120732e-10
296,285,5.672494372014608e-51
80,77,5.757672858155821e-05
132,127,5.42554103687263e-29
184,177,2.244383815449352e-05
288,277,2.613993553979713e-44
26,25,1.1488010486623783e-08
232,223,5.433299641554264e-15
128,123,7.796998190073774e-09
280,269,2.3109026867820018e-38
76,73,2.1614968989065364e-05
176,169,8.019427792661018e-05
25,24,4.125771971552775e-07
224,215,2.306193086885855e-12
124,119,7.722180788490593e-21
272,261,4.8505920353962874e-33
74,71,5.425919982193778e-50
320,307,1.8393930594114396e-74
24,23,0.00014093482207298217
304,291,2.3568283252883606e-56
70,67,1.5258988886341305e-37
256,245,5.07702656477828e-24
116,111,1.836313157045013e-14
208,199,3.0122022458690923e-08
23,22,4.687054417697786e-05
160,153,9.735180059673182e-05
296,283,4.880435900989688e-49
68,65,2.8381775763381016e-07
248,237,3.100665410112009e-20
112,107,7.916757915873117e-12
156,149,1.50031047402569e-63
200,191,9.777836639117413e-07
288,275,1.5197554328709783e-42
22,21,0.00015183469794574064
240,229,6.877768875289068e-17
152,145,3.310472169958087e-05
108,103,1.1021027637099663e-09
280,267,9.532530843151517e-37
64,61,1.4087151351116643e-05
148,141,4.1447927320416e-48
232,221,5.855118142992438e-14
21,20,0.00022434604290859128
272,259,1.4702148261417743e-31
104,99,7.411377843378164e-08
62,59,1.1791545474717093e-19
144,137,5.111733250256261e-06
184,175,9.111793761012459e-05
224,213,1.999489439644585e-11
264,251,6.4407960810940035e-27
304,289,2.510208630598276e-54
20,19,0.00015365466204588505
296,281,3.335577008231425e-47
256,243,8.93311512029864e-23
216,205,2.838000520792858e-09
176,167,0.0002676076574786143
39,37,2.4277309529980554e-61
136,129,3.5510559573454365e-07
58,55,1.7705776099725557e-13
96,91,2.8350054092816358e-05
248,235,4.2656420868801612e-19
19,18,4.664890944754109e-05
208,197,1.722369976935336e-07
132,125,2.8590815085864096e-26
320,303,2.010755360281481e-69
56,53,0.0003584954947142429
37,35,2.551869598254673e-46
240,227,7.491267990637193e-16
92,87,0.00016628839308583627
312,295,2.8215281515696957e-60
128,121,1.0949161538049532e-08
200,189,4.57043190976508e-06
272,257,3.65087334422278e-30
18,17,6.5212824231185524e-06
304,287,2.1431414671047675e-52
232,219,5.099923924371418e-13
160,151,0.0002193635108230395
124,117,1.4733171474093264e-18
88,83,0.0004427659951957428
35,33,1.7282024699524199e-34
192,181,5.39435075057727e-05
296,279,1.8613020749805494e-45
52,49,3.800427547076362e-07
224,211,1.4038725801461796e-10
120,113,1.4713729345141557e-10
256,241,1.3008400781735668e-21
17,16,4.0849110863661193e-07
288,271,2.754340690123582e-39
152,143,6.116354799157743e-05
320,301,4.343229704179503e-67
84,79,0.0005377237089054361
184,173,0.00028674527583415964
50,47,9.120668003814313e-06
216,203,1.6163456799549832e-08
116,109,1.4043088763260015e-12
248,233,4.873942936893863e-18
33,31,4.935497437434106e-25
280,263,8.949727657615002e-34
148,139,1.297694603136451e-44
312,293,3.234606298876921e-58
16,15,0.0010963285439304052
78,73,3.2088930036154753e-57
296,277,8.668449164755773e-44
140,131,4.4518036948229735e-33
264,247,1.9295708777495583e-24
31,29,1.5485775552132677e-17
232,217,3.708217678143598e-12
108,101,3.603274675105208e-08
200,187,1.7358493317068577e-05
46,43,0.00046963228526730104
168,157,0.0007620054786601883
320,299,7.376772845692987e-65
76,71,7.524517012612312e-05
288,269,8.998850191470849e-38
136,127,4.3690951597351085e-07
256,239,1.6060022859243347e-20
15,14,1.3679433138662556e-10
224,209,8.242881077935915e-10
104,97,1.6099750474928657e-06
74,69,5.5595752533288485e-43
192,179,0.00016803172747736957
280,261,2.1315045579842619e-32
44,41,0.0010277073675288575
248,231,4.737018754505061e-17
160,149,0.00038274786908290895
29,27,9.415553282593613e-12
304,283,8.819009547376939e-49
72,67,8.663128110174733e-06
272,253,1.3599279762074693e-27
100,93,3.162046782296763e-05
128,119,1.0915670581595776e-08
156,145,2.7446268004010673e-55
184,171,0.0007336547157936369
240,223,5.258083178604692e-14
296,275,3.430076903015989e-42
14,13,0.001025470552313018
320,297,1.009606485387083e-62
264,245,2.6406523004289544e-23
208,193,3.111661118091434e-06
152,141,8.741847748213907e-05
124,115,1.3980672383677075e-16
96,89,0.00027724100064958825
232,215,2.304273821910053e-11
68,63,4.3813757244567227e-07
312,289,2.3763487752415984e-54
176,163,0.0014553778028339765
27,25,1.5869684516209847e-07
256,237,1.712607077220688e-19
148,137,2.0392995057841015e-41
40,37,0.0005218482476184866
304,281,4.40516026461672e-47
66,61,9.278236779366778e-23
224,207,4.142874187250287e-09
92,85,0.0010970915162224883
144,133,9.01243517370887e-06
248,229,3.988701115536593e-16
13,12,5.788269412330777e-06
272,251,2.1123739537336866e-26
168,155,0.001316097019974216
116,107,5.446778247931723e-11
296,273,1.1701901954115808e-40
64,59,0.0004392027401660867
140,129,1.8945673474015844e-30
216,199,3.1510053917120913e-07
38,35,9.640491910447571e-05
240,221,3.532983362823009e-13
88,81,0.001972765226632183
288,265,6.158026813091988e-35
25,23,9.309375547830516e-05
312,287,1.5756100564770739e-52
112,103,8.812602400248492e-09
62,57,1.1019404304756155e-15
136,125,4.1460372110574673e-07
37,34,6.49010135208236e-40
160,147,0.0005422478987839648
184,169,0.001575173541334841
208,191,1.0387149726269666e-05
232,213,1.245866658434833e-10
256,235,1.6009688172120371e-18
280,257,7.9217497460981e-30
304,279,1.8974040432159218e-45
12,11,0.0022959110037261803
320,293,1.0670528167870625e-58
296,271,3.483629164317645e-39
272,249,2.889798340141436e-25
248,227,2.9524011620959255e-15
224,205,1.8143925711134203e-08
200,183,0.0001512050308376687
176,161,0.00256732683906995
152,139,0.00010134285431313623
35,32,3.213311727108936e-29
128,117,8.375513516926879e-09
58,53,2.762183464855687e-10
104,95,1.8018713561331532e-05
288,263,1.3224215246458002e-33
23,21,0.002177138953737353
264,241,3.337462177865152e-21
80,73,0.0006030428585300085
148,135,1.8118156285658751e-38
216,197,1.1235531320150763e-06
34,31,3.721187283064449e-07
192,175,0.0009855315360024989
124,113,7.682189630345809e-15
304,277,7.124982974048753e-44
56,51,0.0019061144052987871
78,71,6.40214700184641e-50
256,233,1.3277409806656136e-17
100,91,0.00023743371626469846
144,131,8.51962386414441e-06
232,211,5.944716819553396e-10
320,291,8.487311696308037e-57
11,10,0.003216078553834742
296,269,9.140491775030381e-38
208,189,3.027047760344628e-05
120,109,7.76161400726962e-11
272,247,3.517965042466194e-24
76,69,0.00010190906703435989
184,167,0.002903417031933336
54,49,2.0246976647402008e-06
248,225,1.9437088977448193e-14
140,127,4.84894512564689e-28
312,283,4.4185892232337616e-49
32,29,0.002045782808950084
74,67,4.477448976869157e-37
264,239,3.151636261404596e-20
116,105,1.243631084704339e-09
200,181,0.0003611039987439202
21,19,0.0021630487341668873
304,275,2.3540570562567674e-42
136,123,3.181058033859234e-07
240,217,1.1033199116338247e-11
52,47,4.932715381274433e-05
280,253,1.8075414467284948e-27
176,159,0.003886881050492316
31,28,4.787482979861104e-14
320,289,5.779527462858041e-55
72,65,1.1275774833050773e-05
256,231,9.864984003108735e-17
92,83,0.003743455537047883
296,267,2.1315405486246354e-36
112,101,1.3235878480903906e-07
132,119,9.307995882053226e-20
152,137,9.832380668239192e-05
192,173,0.0019319100996597067
232,209,2.531985698599823e-09
272,245,3.84374504731141e-23
312,281,1.905628345694886e-47
10,9,0.0011938159354568563
288,259,4.3080850569337546e-31
248,223,1.149109163104829e-13
208,187,7.808256824471254e-05
168,151,0.0023678469753087867
148,133,9.87012592145464e-36
128,115,5.184470973488737e-09
108,97,6.032091580461484e-06
304,273,6.896252234062956e-41
88,79,0.004541252667200504
39,35,1.193041477369334e-46
224,201,2.428720518613049e-07
68,61,2.599089983523936e-07
320,287,3.4018009438074843e-53
184,165,0.0046746684885741905
29,26,5.02247729350646e-09
280,251,2.3231660753191494e-26
48,43,0.0025891856716461696
296,265,4.448907110137192e-35
124,111,2.690304670958226e-13
200,179,0.0007636138592266351
19,17,9.125420241231302e-05
256,229,6.619723560557357e-16
104,93,0.00012022362095324042
66,59,7.533093228434702e-19
160,143,0.0006547591881054065
216,193,9.997610577407008e-06
272,243,3.7962229960427344e-22
28,25,0.0025057931142613943
288,257,6.629887787046229e-30
232,207,9.716179184727093e-09
176,157,0.005138320932129313
37,33,1.953416852064288e-34
120,107,1.4597938319884797e-10
304,271,1.8031008128388084e-39
46,41,0.005662838562502183
248,221,6.14893776914785e-13
156,139,4.2677711406866224e-45
64,57,0.0033536964743115538
264,235,2.0675441034446217e-18
100,89,0.0010646646390401206
136,121,2.0357393069750572e-07
208,185,0.00018026198139066955
280,249,2.7045181350292115e-25
9,8,2.1784499987268723e-05
296,263,8.360521890796215e-34
224,199,7.576536939392497e-07
152,135,8.165337574838622e-05
116,103,1.834798945359188e-08
312,277,2.442224008173392e-44
80,71,0.0006266906793343327
62,55,1.3730851278648871e-12
168,149,0.0025667482214861708
256,227,4.038912393074119e-15
44,39,0.0056392960672960995
272,241,3.409426971604624e-21
184,163,0.006664084737893416
35,31,8.906463955792786e-25
96,85,0.004236590020336018
148,131,3.490064137977227e-33
200,177,0.0014456335098123217
304,269,4.231319982565634e-38
26,23,0.0002634870409635978
320,283,7.857042634409177e-50
216,191,2.54589491025636e-05
112,99,1.2904935565718157e-06
232,205,3.384984131887505e-08
60,53,4.751797851711262e-10
248,219,2.997816670747172e-12
128,113,2.6705354056046627e-09
264,233,1.4546787487085336e-17
17,15,1.5324569396056225e-07
280,247,2.8668484660497243e-24
144,127,4.5436671234127e-06
296,261,1.4218064137055327e-32
76,67,7.058026883823248e-05
312,275,7.34609066050105e-43
160,141,0.0005806513354020457
42,37,0.0025502192880496296
176,155,0.006011753950961165
92,81,0.007628244995739573
192,169,0.0052121333788302665
25,22,0.0019136749626003779
208,183,0.000375815104038423
108,95,3.9189032171864884e-05
224,197,2.147918399405004e-06
58,51,6.105602554517105e-08
240,211,8.849597306822832e-10
124,109,6.403368910388168e-12
256,225,2.253298548070258e-14
33,29,3.733598848765534e-17
272,239,2.7985867228593963e-20
140,123,9.024461911024807e-24
288,253,1.173855088500221e-27
74,65,5.655651314898441e-32
304,267,8.955412648727433e-37
156,137,3.866144627364164e-42
320,281,3.1248294703711106e-48
8,7,0.027090889047238758
320,279,1.1038452172036398e-46
39,34,9.88809907075915e-41
304,265,1.71664636055816e-35
148,129,8.346545677918997e-31
288,251,1.36243596993883e-26
70,61,8.380167052031942e-23
272,237,2.1085738631251775e-19
132,115,2.3090253852077985e-16
256,223,1.154962667364679e-13
31,27,2.7423992961637588e-11
240,209,3.188546381634983e-09
116,101,1.861488960395727e-07
224,195,5.568527248381161e-06
54,47,8.675065529931597e-05
208,181,0.0007128085608856323
100,87,0.003118926808967879
192,167,0.007316572753627796
23,20,0.00924011874343645
176,153,0.006292508985098962
84,73,0.0023088324370254014
160,139,0.0004549508915888135
312,271,4.810284972994997e-40
38,33,4.7866287722074483e-05
296,257,3.0993551972134375e-30
144,125,2.666440865295556e-06
280,243,2.4743006189030124e-22
68,59,7.776520147971312e-08
264,229,5.569088764260359e-16
128,111,1.1707102722518947e-09
248,215,5.504429734687604e-11
15,13,5.877535272385427e-09
232,201,3.1502743838492984e-07
112,97,8.684969648724717e-06
216,187,0.00012493067577446334
320,277,3.480593468407448e-45
52,45,0.0009493352021572396
304,263,2.9913534885745303e-34
200,173,0.00384638569316245
37,32,1.1257413893865851e-29
96,83,0.008363476964930337
140,121,7.15718262944435e-22
184,159,0.009797312304535706
272,235,1.463605768065802e-18
22,19,0.006191784779601307
256,221,5.460882781386804e-13
168,145,0.002108900600654888
124,107,1.0832267967079264e-10
80,69,0.00038576090238064787
312,269,1.055819033346762e-38
29,25,5.225169672552884e-07
152,131,3.766616081304283e-05
224,193,1.3271288009684448e-05
296,255,4.001017984052351e-29
36,31,0.0001781406734455582
280,241,2.0289975226958037e-21
208,179,0.0012375386616359989
136,117,5.26170545610526e-08
50,43,0.00463995748679425
264,227,3.0537042360461845e-15
64,55,0.009344435221656573
78,67,4.767891705554738e-38
248,213,2.0909343901848221e-10
92,79,0.010144853020479032
304,261,4.754065879760266e-33
120,103,1.8743118320335144e-08
148,127,1.39193470387921e-28
176,151,0.0059440719699583346
232,199,8.498255004679759e-07
288,247,1.4211835626189312e-24
7,6,0.0018970398032012972
272,233,9.388818297627004e-18
216,185,0.00024349285270099363
160,137,0.00031832185664754917
132,113,6.94772557757961e-15
104,89,0.0015799913311052823
256,219,2.3899799153904407e-12
76,65,2.8803870909180058e-05
200,171,0.0054786609637330055
62,53,3.960494219532201e-10
296,253,4.741617102341296e-28
48,41,0.010213536623516484
280,239,1.537074967643868e-20
116,99,1.355915732767116e-06
184,157,0.010266711093553024
320,273,2.5041113805979033e-42
34,29,3.447366039173581e-08
224,191,2.9204342387481347e-05
156,133,9.051593985841633e-37
88,75,0.005571816608744084
304,259,6.910914718768048e-32
27,23,0.0003298959953308823
128,109,4.487731547729203e-10
74,63,1.5820774930447094e-27
168,143,0.0016297902824017917
208,177,0.0019767390217362174
248,211,7.363886371098354e-10
288,245,1.2845477435144842e-23
20,17,0.006591676085267328
312,265,3.808109924954621e-36
272,231,5.581184907546046e-17
232,197,2.12319529881188e-06
192,163,0.010923430599211682
152,129,2.1429751630667914e-05
33,28,3.400910601785833e-14
112,95,4.209587456798199e-05
296,251,5.171891280500307e-27
46,39,0.010161804837013719
256,217,9.710379795843594e-12
72,61,0.0004393484671393979
320,271,5.757372106120316e-41
124,105,1.344503939037765e-09
176,149,0.0051037422626840035
280,237,1.0783689405527094e-19
13,11,0.0024247360384760963
240,203,9.279691234612076e-08
136,115,2.1901226445945596e-08
304,257,9.2131741053952e-31
84,71,0.0013813787714785863
200,169,0.007179853532815334
58,49,3.2641344457602863e-06
264,223,7.321396513201095e-14
148,125,1.6569562072111594e-26
32,27,0.011703183759358068
312,263,6.295049123394448e-35
70,59,2.777142687404556e-19
248,209,2.411303143919817e-09
108,91,0.0005716855464517603
184,155,0.009843380919708454
19,16,1.5527120981020062e-05
272,229,3.081688027915708e-16
120,101,1.5254308207686676e-07
208,175,0.0029174510471640987
296,249,5.203862676375866e-26
44,37,0.004571557986874337
320,269,1.1998784767346978e-39
232,195,4.928565705757369e-06
144,121,6.343257091907858e-07
25,21,0.007977268719332898
256,215,3.671816135108355e-11
156,131,2.4750528882600135e-34
56,47,0.0012266183315265452
304,255,1.1290294323250403e-29
31,26,4.249163513799852e-09
192,161,0.01174614310916419
68,57,1.3508516144928758e-08
216,181,0.0007318308022589011
37,31,1.602510683732879e-25
80,67,0.00015373747621944052
264,221,3.2167890553303e-13
92,77,0.009336996589878702
288,241,8.31538683488565e-22
104,87,0.0034447162854964373
116,97,7.3112079508391045e-06
128,107,2.1716693386372534e-10
140,117,1.743327351143609e-18
152,127,1.0966558106832228e-05
176,147,0.004006826739653047
200,167,0.008693843706098488
224,187,0.0001129292600325035
248,207,7.359269165342785e-09
272,227,1.5837314708582273e-15
296,247,4.839917695428994e-25
320,267,2.2735598275912961e-38
6,5,0.01366747834250578
304,253,1.2745210033024565e-28
280,233,4.251293935085057e-18
256,213,1.2949914835040983e-10
232,193,1.0658706448372372e-05
208,173,0.003992874541274669
184,153,0.00867746703036432
160,133,0.00011469595323728034
148,123,1.4339482449598824e-24
136,113,8.098196642393778e-09
124,103,1.2530100211107002e-08
112,93,0.00015143572932058017
312,259,1.3202590812793407e-32
100,83,0.009297632725229333
288,239,5.978521073209347e-21
88,73,0.0034383531707228364
240,199,6.103576640180846e-07
76,63,7.556409620705644e-06
216,179,0.0011361814735192605
35,29,1.0184732787523907e-17
64,53,0.011667416956529633
296,245,4.16849447298129e-24
29,24,1.52752126649663e-05
168,139,0.0007333835561060222
272,225,7.588832503968574e-15
52,43,0.004545250306015709
248,205,2.0977994520644083e-08
144,119,2.6210180216492173e-07
23,19,0.007905237479910936
224,185,0.00019959768855461408
132,109,2.6017580173545494e-12
304,251,1.3279326027661668e-27
40,33,0.009845935110128838
74,61,1.189221225955592e-23
256,211,4.267782004394876e-10
108,89,0.0013788424997467187
176,145,0.0028903109915154965
312,257,1.6826733202083038e-31
17,14,4.7233073870504345e-09
232,191,2.152527672806108e-05
96,79,0.011299986453977498
62,51,3.4542715180267284e-08
152,125,5.083379959851119e-06
208,171,0.005082936568243683
264,217,5.048944662466816e-12
320,263,6.202145570927577e-36
28,23,0.0008271669700501028
296,243,3.330175297326193e-23
240,197,1.4137314717774704e-06
184,151,0.007062656465995547
39,32,5.823585052339627e-31
128,105,7.99188824689854e-10
50,41,0.010063834863127345
272,223,3.395798481044823e-14
72,59,0.0016449787706075201
304,249,1.2792721627270998e-26
116,95,2.983263764707844e-05
160,131,5.982875835445614e-05
248,203,5.5952395528737355e-08
11,9,0.0023811858154085637
280,229,1.2611052401037024e-16
192,157,0.010742776001318038
148,121,9.155290560850122e-23
104,85,0.005585851224453853
224,183,0.0003296000791536759
60,49,2.0991700306676344e-06
256,209,1.3163870434881012e-09
136,111,2.682752021528089e-09
288,235,2.487930108642215e-19
38,31,3.3410063057012566e-06
320,261,8.973144907780395e-35
168,137,0.00043161661837164795
92,75,0.006190572457721648
200,163,0.010192739686149444
27,22,0.0019291727017666785
232,189,4.067342593533526e-05
124,101,8.917248238211492e-08
264,215,1.8093118012605576e-11
70,57,2.819036508617928e-16
296,241,2.471461327286456e-22
156,127,6.563345942783964e-30
16,13,0.018444242318506728
312,253,2.1382743549998087e-29
37,30,6.552166591531756e-22
280,227,6.195875412667631e-16
132,107,3.342182849178122e-11
248,201,1.3985156137151778e-07
58,47,5.456239616906246e-05
216,175,0.002225262423768582
100,81,0.010144186441684293
184,149,0.005325571221411137
21,17,0.00032106535556157263
320,259,1.1920526404263795e-33
152,123,2.1466334399661887e-06
288,233,1.4440104368545696e-18
68,55,1.4852443201493249e-09
256,207,3.8055059060544575e-09
120,97,4.409664079631876e-06
224,181,0.0005094910871005233
26,21,0.00640871362016627
296,239,1.7062205832380196e-21
192,155,0.00919591873341421
140,113,1.3391175422429296e-15
88,71,0.0015240747196445376
31,25,2.1587229797021693e-07
160,129,2.8611248725104516e-05
232,187,7.20311314877759e-05
304,245,9.444749520015159e-25
36,29,0.0025249623832035895
272,219,5.5665520447833e-13
200,161,0.009923429121794971
128,103,6.328797269419354e-09
312,251,2.1396352296288332e-28
46,37,0.004498040083091326
240,193,6.240668042134862e-06
148,119,4.364870832546279e-21
56,45,0.0008523844254448418
320,257,1.4570525323084842e-32
66,53,1.086663950975442e-10
208,167,0.006694109288583781
76,61,1.3490800418338373e-06
248,199,3.280072048006847e-07
96,77,0.008285175512532017
116,93,9.359773708529424e-05
136,109,8.027553810793633e-10
156,125,6.57433312788574e-28
176,141,0.0011849658888940034
216,173,0.002818717327799244
256,205,1.032305101601349e-08
296,237,1.0971291109978048e-20
5,4,0.0095719472296531
304,243,7.259237799685927e-24
264,211,1.9131795435037234e-10
224,179,0.0007384320433714135
184,147,0.0037311127859633872
144,115,3.326192965249352e-08
124,99,4.906657289721107e-07
104,83,0.006878031497772296
272,217,2.0438146459867226e-12
84,67,0.00016739941610707546
232,185,0.00011972836349292358
74,59,2.7099159733319438e-20
64,51,0.007336344958856265
280,223,1.2241019004029668e-14
54,43,0.0030965825066465737
152,121,8.297314407517595e-07
240,191,1.1926264568948422e-05
44,35,0.0009043438879168412
288,229,3.961263163996295e-17
200,159,0.009026799414503382
39,31,5.861859127322062e-27
112,89,0.0008681550092188499
248,197,7.227007937287591e-07
34,27,4.2621527150250624e-10
296,235,6.578469967799238e-20
160,127,1.2593490665825444e-05
92,73,0.003040434649935266
208,165,0.00695298527731337
29,23,0.0001507919305869489
256,203,2.630385961879556e-08
140,111,2.4770906005997046e-14
304,241,5.188966217127324e-23
24,19,0.00986781943056148
320,253,1.708211647432844e-30
148,117,1.5697191279422014e-19
272,215,7.03954191024654e-12
62,49,1.048219634747808e-06
224,177,0.0010048619776951086
100,79,0.008397552988688167
176,139,0.0006776757721508893
19,15,4.996404167227632e-07
280,221,4.932221667077742e-14
128,101,4.1028265259618156e-08
232,183,0.00018701057207515175
52,41,0.006916608422659172
288,227,1.876116339919543e-16
184,145,0.0024346051064701555
33,26,9.502725007715707e-10
80,63,2.9536012475837268e-05
296,233,3.6821532815807934e-19
108,85,0.003563788980440457
136,107,2.3008804461442576e-10
192,151,0.0054658836828453345
248,195,1.4973167053753243e-06
304,239,3.453693956912676e-22
14,11,0.0012260684741339076
312,245,1.3563271258586194e-25
256,201,6.301363549484705e-08
200,157,0.007685537224630896
144,113,1.0321770151157505e-08
116,91,0.00022840945685865133
320,251,1.644002874911526e-29
88,69,0.0004987623620916472
37,29,8.492147012234742e-19
208,163,0.006771764287273396
60,47,2.8074342524372292e-05
272,213,2.276438313895695e-11
152,119,2.946993086375405e-07
23,18,0.0019161084258631628
216,169,0.00373457566527483
124,97,2.1066179543887254e-06
280,219,1.8635903601804192e-13
78,61,3.7254483325036323e-25
32,25,0.00589155801415095
296,231,1.925838369549803e-18
132,103,2.560196146239831e-09
232,181,0.0002747706048549914
50,39,0.006921084597386131
168,131,5.461046102312167e-05
304,237,2.1428356179290437e-21
68,53,1.4924488312834426e-10
240,187,3.623072503333482e-05
104,81,0.006526236837347989
140,109,3.5370490163689526e-13
176,137,0.0003606237311788932
248,193,2.919499604096038e-06
320,249,1.4657173049962667e-28
9,7,0.003853530170200186
256,199,1.420327403493191e-07
184,143,0.0014825317767580494
148,115,4.294948989413024e-18
112,87,0.0014208288056988716
264,205,4.1068785970566144e-09
76,59,1.7032025243202348e-07
192,149,0.003809628196709406
58,45,0.000325595924469685
272,211,6.916681362068659e-11
156,121,2.6623828037034702e-24
40,31,0.006182916060800459
288,223,3.45670543356688e-15
31,24,3.985825625297669e-06
208,161,0.006192068511097006
84,65,3.622899530018733e-05
296,229,9.420619379306933e-18
128,99,2.084662796204318e-07
216,167,0.003915744843242335
304,235,1.240659587871138e-20
22,17,0.00025622320805675133
312,241,6.92909449859196e-24
224,173,0.0015469973153489247
136,105,1.7149500322973496e-10
320,247,1.2122885114292524e-27
92,71,0.0011278859860273049
232,179,0.00038008479449974365
35,27,1.2153182322814307e-12
48,37,0.0031610377054890853
74,57,2.032497219995338e-17
248,191,5.361042251637232e-06
100,77,0.005350306960312734
152,117,9.648665844032805e-08
256,197,3.0141913490471424e-07
13,10,0.005784616105695688
264,203,1.009746905482449e-08
160,123,1.9263415670022012e-06
108,83,0.003918834482985695
272,209,1.9758674869273866e-10
56,43,0.0016828510124389632
288,221,1.346886600063558e-14
116,89,0.00043713097621014217
176,135,0.0001789129276941595
296,227,4.313737656550711e-17
30,23,7.119278027840235e-05
304,233,6.709691889460102e-20
184,141,0.0008438792824031853
124,95,7.104481120871097e-06
312,239,4.451574418173254e-23
64,49,0.002487899850997123
132,101,1.547878151171972e-08
200,153,0.004594117736682802
17,13,3.521861976528164e-10
208,159,0.005321424086274964
140,107,3.922847873944336e-12
72,55,0.003863031664223981
148,113,9.007275998512219e-17
224,171,0.001753247257749392
38,29,5.3593921439038036e-08
232,177,0.0004953424252415151
156,119,1.099160538814659e-22
80,61,8.771595559362427e-05
248,189,9.276760177443317e-06
21,16,1.5107060586985879e-05
256,195,6.026032949233325e-07
88,67,0.00012283459888040157
272,207,5.309994327128646e-10
46,35,0.0006210383104361122
280,213,6.885957757207309e-12
96,73,0.0019621200883204373
296,225,1.8505057698668026e-16
25,19,0.003883670823275041
304,231,3.39264923626593e-19
104,79,0.0048210259825475525
320,243,6.656285322685493e-26
54,41,0.003751163489295459
112,85,0.0018252392439527913
29,22,0.0005530857247492966
120,91,0.00010372483778684952
62,47,1.193623647267569e-05
128,97,8.333161809684366e-07
33,25,3.477558462270237e-08
136,103,8.630538080802283e-10
70,53,1.1902561475000265e-11
144,109,7.689122446616496e-10
37,28,3.740972551652608e-16
152,115,2.9196513810187064e-08
78,59,6.363428792040097e-22
160,121,6.727130334909882e-07
168,127,9.499574182391017e-06
176,133,8.288369771366294e-05
184,139,0.00044961545591034983
192,145,0.0015233008641877736
200,151,0.0032325471666919243
208,157,0.004301782479691623
216,163,0.0035884316556765495
224,169,0.0018722806230174547
232,175,0.0006085545291033736
240,181,0.00012247621378156382
248,187,1.5134557280237738e-05
256,193,1.1354968291522694e-06
264,199,5.097289223959215e-08
272,205,1.3431929226910214e-09
280,211,2.0260928278064355e-11
288,217,1.6909870846036119e-13
296,223,7.442421150131669e-16
304,229,1.6052287445658072e-18
312,235,1.4923802778411213e-21
320,241,4.429534298555219e-25
4,3,0.01407323486733806
320,239,2.7479535832099425e-24
312,233,7.802878350705205e-21
304,227,7.112924651085241e-18
296,221,2.808202146623294e-15
288,215,5.455426395299294e-13
280,209,5.6083863109748956e-11
272,203,3.1996288305820585e-09
264,197,1.0475574861589108e-07
256,191,2.0175271704406107e-06
248,185,2.328918677779115e-05
240,179,0.00016345373507419477
232,173,0.0007051293746827299
224,167,0.00188495596093873
216,161,0.003140524231639574
208,155,0.0032733574813159274
200,149,0.0021384182280785166
192,143,0.0008757210581796941
184,137,0.0002244684587661813
176,131,3.589941364188917e-05
168,125,3.5650041431865603e-06
160,119,2.1838034610377259e-07
39,29,1.7399551498268154e-20
152,113,8.182401681359454e-09
74,55,5.327010890100757e-15
144,107,1.8653123318608168e-10
35,26,9.12117500498821e-11
136,101,4.83153058224364e-09
66,49,1.4689064068565086e-07
128,95,2.630972885697052e-06
31,23,2.8266700754972763e-05
120,89,0.00018475998546464478
58,43,0.000742629372160712
112,83,0.0018502275113679854
27,20,0.0028734999037139126
320,237,1.5908743999620174e-23
104,77,0.002791816982035649
304,225,2.9539464923921995e-17
50,37,0.001699826589810427
296,219,9.94755046175059e-15
96,71,0.000648580265966741
280,207,1.4612111313154493e-10
23,17,0.00015482397032878098
272,201,7.1806841674031085e-09
88,65,2.3248285033601978e-05
256,189,3.38135538924367e-06
42,31,2.128235151034221e-06
248,183,3.381460977256274e-05
80,59,0.0002059649978340187
156,115,8.232372265202383e-20
232,171,0.0007708644103655432
19,14,4.211095881812173e-09
224,165,0.0017898372883135526
148,109,1.828767866200683e-14
72,53,0.002590728825883021
140,103,2.3059417943919355e-10
208,153,0.0023458124216980455
34,25,1.0521745676018371e-08
200,147,0.0013307994094166446
132,97,2.763867202889866e-07
64,47,0.00047722808271272556
312,229,1.747093922884033e-19
124,91,3.987100702721743e-05
184,135,0.00010509687885299842
304,223,1.150560415668659e-16
15,11,0.00022604744827643848
296,217,3.310109040557157e-14
176,129,1.4552233266867562e-05
116,85,0.0007886808468695198
288,211,4.720598383777476e-12
56,41,0.001707654928943553
272,199,1.518821237254032e-08
108,79,0.002301716577022478
160,117,6.59920652017282e-08
264,193,3.709018669203051e-07
26,19,0.001941924139178354
256,187,5.347316421704296e-06
152,111,2.1273460803495752e-09
100,73,0.0010262178635787695
248,181,4.633906030794421e-05
37,27,5.899261746671162e-14
48,35,0.0005842574046469719
70,51,5.490717342138675e-10
232,169,0.0007953437465477765
92,67,7.021697952265951e-05
320,233,4.349895313317351e-22
136,99,2.160668045752484e-08
224,163,0.001603410313007821
312,227,7.493815815600296e-19
11,8,9.530499920874847e-06
304,221,4.205895570188023e-16
216,157,0.002015188042455303
128,93,6.580141527999641e-06
296,215,1.0352708960356171e-13
84,61,7.207162852066671e-07
208,151,0.001583873494806879
62,45,5.308681491868736e-05
288,209,1.2674016973468922e-11
40,29,0.00104059233831986
156,113,1.514879619684807e-18
272,197,3.028829709090916e-08
29,21,0.0007905870314179792
192,139,0.0002400794179446513
76,55,1.0550537121718508e-09
264,191,6.39414955414708e-07
112,81,0.0014849506871935244
148,107,1.7891206892264411e-13
184,133,4.617662170345284e-05
256,185,7.981227034844602e-06
18,13,0.0017387023443018199
320,231,2.058091651348079e-21
248,179,5.994962503631842e-05
176,127,5.52490964278024e-06
140,101,1.2318685745790531e-09
104,75,0.0012728334174142483
240,173,0.00027459676416492985
68,49,4.184222771739969e-08
304,219,1.4438475145393147e-15
168,121,4.0891528805247834e-07
25,18,0.0005832087500265836
232,167,0.0007746310891230576
132,95,8.214732325875796e-07
296,213,3.044962184973249e-13
32,23,0.0015321870813647404
39,28,5.9004008368317455e-18
280,201,1.8046355352341684e-09
124,89,6.673540739958533e-05
216,155,0.0014783949095361999
46,33,2.989180411966452e-05
152,109,5.137610394652855e-10
272,195,5.6964949059856345e-08
60,43,0.0002847062459693137
208,149,0.0010078508005420608
74,53,5.103959087904451e-13
88,63,4.362462222323313e-06
320,229,9.119432372865095e-21
116,83,0.000748166215363585
144,103,5.834515191847153e-11
200,143,0.00042984287259233064
256,183,1.124576060310331e-05
312,223,1.1370566932514573e-17
7,5,0.0012197710656015465
304,217,4.6574919459602736e-15
248,177,7.32326454352907e-05
192,137,0.00011459468965741509
136,97,7.643202009889802e-08
108,77,0.0012388497156142198
296,211,8.426377836173459e-13
80,57,0.0002910005914216982
66,47,1.298305142317874e-06
184,131,1.9048021429402494e-05
288,205,7.627644140760717e-11
52,37,0.0007863259182781146
232,165,0.0007123035898619698
128,91,1.3064523342157261e-05
280,199,3.705494676203265e-09
38,27,2.4567076495259835e-10
176,125,1.965669747898537e-06
100,71,0.00031208379322336644
224,159,0.001081497319902051
31,22,7.922077742569233e-05
272,193,1.0107138871952717e-07
148,105,1.3702748014306187e-12
320,227,3.787186594463155e-20
24,17,0.0013953759044587155
304,215,1.4124999889876515e-14
140,99,5.194118439530183e-09
256,181,1.496144253616641e-05
58,41,0.0006684985903217864
208,147,0.0006044997806761792
92,65,1.1948928995945929e-05
160,113,4.880578812513288e-09
296,209,2.194982457312984e-12
17,12,1.3172895301881834e-07
248,175,8.448231423981814e-05
112,79,0.0009453332277620735
78,55,7.404395797960204e-17
200,141,0.00022321062406339615
288,203,1.71118146762788e-10
44,31,3.081345125638654e-06
240,169,0.00029121194218289316
152,107,1.1538347114459544e-10
27,19,0.0008326884465151097
280,197,7.175030814003129e-09
64,45,6.83352894225969e-05
37,26,3.463648742847874e-12
232,163,0.0006184537565886328
84,59,6.754557931355828e-08
272,191,1.6921780164751367e-07
104,73,0.00045790993831662166
124,87,8.88157890308655e-05
144,101,2.5230752427081115e-10
184,129,7.379026159120832e-06
224,157,0.0008144727269625363
264,185,2.315391434853636e-06
304,213,4.029509702346462e-14
10,7,0.00044242557085998567
296,207,5.384407851751679e-12
256,179,1.879699960871669e-05
216,151,0.0006679172910969508
176,123,6.556008627790758e-07
156,109,2.3884679108779966e-16
136,95,2.142568742133045e-07
116,81,0.000564010339621779
96,67,3.368747518204854e-05
248,173,9.204847934849739e-05
76,53,5.326903368537616e-11
208,145,0.00034178677470180716
33,23,2.7283399830625886e-06
320,223,5.392205044461749e-19
56,39,0.0006917217941804067
148,103,8.246400864958027e-12
240,167,0.00027524283724423285
23,16,4.486068277663251e-06
312,217,4.1915272889951904e-16
128,89,2.0622268749602555e-05
200,139,0.0001091591918160054
272,189,2.67398017135572e-07
36,25,0.0005280015773526186
304,211,1.0818079146933748e-13
232,161,0.0005070379482318047
160,111,1.1960328514655322e-09
62,43,9.404778924701483e-05
88,61,3.538775803698845e-06
140,97,1.732942117921558e-08
192,133,2.172405424320945e-05
296,205,1.2443242625318097e-11
13,9,0.0002513740634196441
224,155,0.0005789704506971607
120,83,0.000261918378657305
256,177,2.2304118739587087e-05
68,47,3.2894754484014003e-07
288,199,7.214540798295648e-10
152,105,2.4272322678900442e-11
320,221,1.8510903224370003e-18
42,29,1.8709527802266394e-08
184,127,2.684921953263799e-06
100,69,7.463825747511385e-05
216,149,0.0004113547995708678
29,20,0.0004493313294176238
248,171,9.473024972915524e-05
132,91,3.628964561634918e-06
280,193,2.2585214539525218e-08
74,51,1.8499703430289287e-11
312,215,1.2328068597689456e-15
16,11,0.0009437413619459256
156,107,2.066419183297615e-15
296,203,2.71004607550115e-11
35,24,2.9012058138621052e-08
264,181,4.096439727044847e-06
124,85,9.406728820399513e-05
232,159,0.00039252191495726116
54,37,0.00031583777987416115
200,137,5.027404789725826e-05
92,63,1.5819588606815084e-06
168,115,9.604464834818873e-09
320,219,5.9711408987033455e-18
19,13,1.114699835628742e-11
288,197,1.3567009706638764e-09
136,93,4.767997904915285e-07
256,175,2.4997763488203724e-05
60,41,0.0002272271459583565
224,153,0.0003884643051845974
104,71,0.00013007865512568116
148,101,3.911894683924053e-11
192,131,8.628916597143235e-06
280,191,3.673317060146068e-08
22,15,4.670457243774445e-06
248,169,9.208721230486569e-05
160,109,2.735736591041325e-10
116,79,0.00033800967959908145
304,207,6.510346860945975e-13
72,49,0.00023898748503172883
272,185,5.618158374336929e-07
25,17,3.3358093272285804e-05
128,87,2.5904491454299038e-05
78,53,5.547739990219814e-15
184,125,9.17596944345108e-07
240,163,0.0002071582275946876
296,201,5.5643353364013906e-11
28,19,0.0003114239896535353
320,217,1.8108936999067585e-17
264,179,5.000880731800067e-06
208,141,9.1519628206401e-05
152,103,5.66790612955319e-12
31,21,8.887321619487056e-05
96,65,5.317162133613658e-06
232,157,0.0002869183952954119
34,23,6.525756749671081e-07
312,211,8.886657716152962e-15
176,119,6.011430787877455e-08
108,73,0.00017821035869691664
256,173,2.6464436487816874e-05
37,25,7.799583825402713e-11
40,27,0.00020804197281527333
304,205,1.460507271979493e-12
132,89,5.408439927379487e-06
224,151,0.0002459946324031664
46,31,5.239555077172274e-07
144,97,3.1369590876155185e-09
248,167,8.455760400859524e-05
52,35,6.344368017474702e-05
272,183,7.472286977943022e-07
168,113,2.407970392986071e-09
58,39,0.00024007485974610548
296,199,1.0774004331230743e-10
64,43,2.9877805114423235e-05
70,47,6.838407665400519e-08
216,145,0.00013096010499552611
76,51,4.1507640402725255e-12
240,161,0.00016495419256179535
88,59,5.7981952767337525e-06
288,193,4.02953170904049e-09
100,67,1.4038013399599212e-05
312,209,2.1799364678823225e-14
112,75,0.00019154752063992684
124,83,7.931278739518474e-05
136,91,8.434669635124988e-07
148,99,1.4667135142474565e-10
160,107,5.841201956938942e-11
184,123,2.9451811543006474e-07
208,139,4.3332928947007436e-05
232,155,0.0001980104236188427
256,171,2.646572373771903e-05
280,187,8.174049680099095e-08
304,203,3.088343785278807e-12
3,2,0.00024690087178876687
320,213,1.3869279790533782e-16
296,197,1.967840972662919e-10
272,181,9.385986721089645e-07
248,165,7.333990793946802e-05
224,149,0.00014700279543133983
200,133,8.902871265719033e-06
176,117,1.6525328261228282e-08
152,101,5.240887162010051e-12
140,93,9.631453124819303e-08
128,85,2.5907056115139968e-05
116,77,0.00016098136748173112
104,69,2.916025783674979e-05
288,191,6.367187198993327e-09
92,61,1.62963906715908e-07
264,175,6.280772629505199e-06
80,53,0.0001240417078090336
74,49,2.6021041234820905e-10
216,143,6.767777571750311e-05
68,45,1.0296601799391253e-06
192,127,1.1324544420542805e-06
62,41,6.685612646678103e-05
304,201,6.157573572358304e-12
56,37,0.00011130180514095838
156,103,7.489784243242155e-14
256,169,2.5001584564879277e-05
50,33,5.561404234935615e-06
144,95,7.83266130763527e-09
232,153,0.00012900352263935043
320,211,3.505727908670581e-16
44,29,6.424827835051157e-06
296,195,3.391267219041637e-10
208,137,1.9332805802346727e-05
120,79,0.00010527747747293488
272,179,1.1135614135316018e-06
38,25,8.85697075862283e-12
184,121,8.875986379406329e-08
108,71,4.759089917122148e-05
248,163,6.008169081103213e-05
35,23,1.2809917647502464e-07
312,205,1.0971876955254006e-13
32,21,0.0001073374519927939
148,97,4.3562623316312556e-10
264,173,6.462236946052271e-06
29,19,0.00010189602727215895
200,131,3.4217861993152072e-06
84,55,2.6680172244635296e-10
304,199,1.1579325921886487e-11
136,89,1.1872555547765602e-06
240,157,8.807890744229037e-05
26,17,1.2627395376723677e-05
280,183,1.4459691215879944e-07
176,115,4.257978190211904e-09
124,81,5.322783968460449e-05
320,209,8.346561010740171e-16
72,47,3.2987544600114375e-05
256,167,2.2310332370159832e-05
23,15,4.7584884179311675e-08
296,193,5.515590585251047e-10
112,73,6.089212121725632e-05
66,43,6.416433286468366e-06
152,99,1.567843254217506e-11
192,125,3.7399240637290506e-07
232,151,7.932920955652834e-05
272,177,1.247920426945359e-06
312,203,2.2527714490862277e-13
20,13,7.487344213764152e-05
288,187,1.3377089064556247e-08
248,161,4.648643754910118e-05
208,135,8.125157165832384e-06
168,109,1.2393077932781627e-10
37,24,6.883457418625227e-10
128,83,2.0629582145086238e-05
54,35,2.2514448494633005e-05
304,197,2.05429368758702e-11
88,57,6.283006134379295e-06
156,101,3.1577309239960614e-13
224,145,4.4085641452861146e-05
17,11,1.2931367482467545e-06
320,207,1.8724364835883247e-15
184,119,2.510889150964295e-08
116,75,6.087217481476291e-05
280,181,1.765152057919895e-07
48,31,5.92756110664469e-05
296,191,8.467745593379625e-10
31,20,4.002199188726249e-05
200,129,1.2375417041677065e-06
76,49,2.6830232661218378e-11
256,165,1.8805319488351753e-05
104,67,5.150285893152173e-06
132,85,6.0613021634424055e-06
160,103,2.1673600240012083e-12
216,139,1.514574744667883e-05
272,175,1.321047657696434e-06
14,9,3.1644792370462786e-05
288,185,1.7791612061076744e-08
232,149,4.603658718688749e-05
176,113,1.0279748660462416e-09
148,95,1.0267975309937253e-09
120,77,4.731685984612565e-05
304,195,3.439155459773527e-11
92,59,1.3039735485464426e-08
248,159,3.396641628331795e-05
39,25,5.938117292544195e-13
64,41,1.701553258660485e-05
264,169,5.7666686167711785e-06
25,16,7.273750984067233e-07
136,87,1.330484905732373e-06
208,133,3.21583304495277e-06
280,179,2.035310237062697e-07
36,23,1.005865557237799e-05
296,189,1.2273439554811802e-09
224,143,2.2114448552107365e-05
152,97,4.356653223689583e-11
58,37,3.431421045061753e-05
312,199,7.966974032363515e-13
80,51,3.737197393210804e-05
124,79,2.8416608755973616e-05
168,107,2.542387196853739e-11
256,163,1.497140048290834e-05
11,7,5.409240145931807e-06
272,173,1.321049786748577e-06
184,117,6.664492061860504e-09
140,89,2.139304729886942e-07
96,61,8.551115648989033e-08
74,47,1.4461727518756581e-09
200,127,4.2100882886549596e-07
304,193,5.4343094386448984e-11
52,33,1.977873236751511e-06
320,203,7.89428686741295e-15
216,137,6.555220255123775e-06
112,71,1.5321075106054552e-05
232,147,2.520685443850541e-05
30,19,2.9093811776519724e-05
248,157,2.3434649894835985e-05
128,81,1.3075067688635554e-05
264,167,5.001246224549847e-06
68,43,1.293141018847301e-06
280,177,2.2168162120227527e-07
144,91,2.45160418411523e-08
296,187,1.679785299620228e-09
19,12,6.685925697788792e-11
312,197,1.3729834683527777e-12
160,101,3.8632331026844286e-13
84,53,1.122680914473454e-11
176,111,2.3242629401090365e-10
46,29,3.351926493848661e-09
192,121,3.383711730551309e-08
100,63,2.3995754605781204e-07
208,131,1.1981857137618612e-06
27,17,4.217138412285227e-06
224,141,1.0459159422186926e-05
116,73,1.8248341985236393e-05
240,151,2.232382784508981e-05
62,39,1.9050216531563834e-05
256,161,1.1256711602099385e-05
132,83,4.558964436648209e-06
272,171,1.2479268599982343e-06
35,22,2.2646615212554723e-07
288,181,2.6513646370092803e-08
148,93,1.923418305573153e-09
304,191,8.10629715708851e-11
78,49,1.7636698234223893e-12
320,201,1.4845216953064992e-14
8,5,7.083946331890186e-05
320,199,2.6336969141161394e-14
156,97,2.786825892373887e-12
304,189,1.1417154029562105e-10
37,23,2.4159957390310146e-09
288,179,2.9712589784244215e-08
140,87,2.264662018999679e-07
272,169,1.113572225555621e-06
66,41,3.6294808742326287e-06
256,159,7.99241287823103e-06
124,77,1.2056219155163082e-05
240,149,1.258337723476487e-05
29,18,9.152815625186017e-06
224,139,4.66257329258455e-06
108,67,1.6685695136540001e-06
208,129,4.2009561643926503e-07
50,31,7.441320332196939e-08
192,119,9.261503289128636e-09
92,57,8.078204063390162e-10
176,109,4.9188831082449774e-11
21,13,2.080103284391825e-12
160,99,9.501512665897382e-14
312,193,3.4282382039478036e-12
76,47,1.3261584736606357e-10
296,183,2.6503833998767554e-09
144,89,3.078913360185976e-08
280,173,2.216817214129137e-07
34,21,1.0296731758374762e-06
264,163,3.1697484682484944e-06
128,79,6.591154850390592e-06
248,153,9.385566709027915e-06
60,37,9.24340455090614e-06
232,143,6.340886513627222e-06
112,69,3.044458662901445e-06
216,133,1.0261183586435692e-06
320,197,4.409151768458687e-14
13,8,2.4311125274565607e-07
304,187,1.5184881924187932e-10
200,123,4.0482549076766766e-08
148,91,2.8663405787484538e-09
96,59,3.6184942548457106e-08
70,43,2.139306248706734e-07
184,113,3.870273475282486e-10
272,167,9.386138060217509e-07
44,27,2.7289458407838795e-06
256,157,5.357976950463205e-06
168,103,8.726147700390423e-13
31,19,7.201521769424888e-06
80,49,6.691579029589832e-06
312,191,4.969005188820752e-12
116,71,4.328553619544143e-06
152,93,1.7140554866493446e-10
224,137,1.9584614743692744e-06
296,181,3.0560248909153746e-09
18,11,6.532345274837354e-07
280,171,2.0353122882170825e-07
208,127,1.3853869971605139e-07
136,83,8.434841427844546e-07
100,61,2.1681390196211724e-08
264,161,2.3159953499013797e-06
64,39,4.29563327149766e-06
156,95,5.8549518838020056e-12
248,151,5.446161513270936e-06
23,14,1.8241712769046286e-10
304,185,1.9073650992250248e-10
120,73,4.773890043373872e-06
74,45,3.21217215623191e-09
176,107,9.737347990387046e-12
232,141,2.911491513062572e-06
288,175,3.1453648562387974e-08
28,17,1.4320359527461414e-06
272,165,7.472477760682021e-07
216,131,3.708252505852219e-07
160,97,9.484411593819091e-14
33,20,1.9375652844160644e-06
104,63,7.774623720063618e-08
256,155,3.390853027987936e-06
38,23,2.0924095595981342e-10
200,121,1.1430814925670513e-08
124,75,4.0592571240694145e-06
296,179,3.328555212246789e-09
48,29,3.388166381258761e-06
280,169,1.765155217965905e-07
58,35,1.929521841035229e-06
184,111,8.457632651799965e-11
320,193,1.0392636919235321e-13
68,41,6.525964448298849e-07
224,135,7.748237393888503e-07
78,47,7.787120280617173e-12
88,53,1.5978668572908499e-06
304,183,2.2629004842319587e-10
108,65,2.1789098535945042e-07
128,77,2.6397161274827885e-06
148,89,3.400394537561466e-09
168,101,1.4579142195750714e-13
208,125,4.295168049092913e-08
248,149,2.9818036467143803e-06
288,173,2.9712592103569506e-08
5,3,2.4919221534553217e-06
312,187,8.790006983013249e-12
272,163,5.618380347575331e-07
232,139,1.2598708588048185e-06
192,115,5.729242778233959e-10
152,91,2.4126518052054333e-10
132,79,1.2989079126024057e-06
112,67,4.764768380582267e-07
296,177,3.4246830757653563e-09
92,55,3.857016665618673e-11
256,153,2.0254434223990197e-06
72,43,1.54353524754005e-07
320,191,1.463730332686531e-13
62,37,2.1586084080865113e-06
176,105,1.8017071836538662e-12
280,167,1.4459734086209626e-07
52,31,2.3374360769773557e-08
240,143,1.5871868084125038e-06
136,81,4.768230925323701e-07
304,181,2.535925409231645e-10
42,25,5.80510600762195e-14
200,119,3.029985712737966e-09
116,69,8.104466151281268e-07
264,157,1.0407917361075098e-06
37,22,3.400394543632998e-09
32,19,1.84714147522978e-06
312,185,1.0730299118435511e-11
140,83,1.2809965928044355e-07
248,147,1.5399839966863263e-06
27,16,7.184854013280797e-08
184,109,1.7299442320251933e-11
76,45,2.627806955814761e-10
272,161,3.9891083773848015e-07
120,71,1.0675738167636799e-06
208,123,1.2512503429587362e-08
296,175,3.3285552261245765e-09
22,13,8.220274349427443e-07
320,189,1.9467702315316455e-13
232,137,5.135986752527894e-07
144,85,2.4516046676880847e-08
100,59,1.5231618139737007e-09
256,151,1.1416714221641928e-06
39,23,1.1604619965636128e-11
56,33,2.840575969700938e-07
304,179,2.684522021594788e-10
124,73,1.0826560589046304e-06
192,113,1.2931987017339692e-10
17,10,3.289719342502108e-07
216,127,4.0315486029642755e-08
148,87,3.2121721770485917e-09
80,47,7.075056662668264e-07
264,155,6.39932213268282e-07
46,27,7.63039721712392e-12
288,169,2.2347960969079774e-08
104,61,6.608774872392875e-09
29,17,3.206289083469082e-07
128,75,8.386353485928292e-07
70,41,9.631510968458036e-08
152,89,2.7036972600415206e-10
176,103,3.1134150115847283e-13
200,117,7.535057683193875e-10
224,131,1.0117069261579991e-07
248,145,7.500331593007362e-07
272,159,2.674223525686548e-07
296,173,3.0560249186709503e-09
320,187,2.4453278326803656e-13
12,7,9.954069847295806e-07
304,177,2.684521995573936e-10
280,163,8.1741113279322e-08
256,149,6.071103465407066e-07
232,135,1.9716875468694961e-07
208,121,3.423054611523887e-09
184,107,3.3094161972954482e-12
160,93,2.6842292469466787e-13
74,43,2.866340613876604e-09
136,79,2.1428073490658998e-07
31,18,5.119988679067232e-07
112,65,5.8542824039727076e-08
312,181,1.347593417063186e-11
50,29,3.6679630878849227e-10
288,167,1.7791619969897914e-08
88,51,3.713319014751913e-07
240,139,2.9716741992929336e-07
19,11,2.627806794339046e-10
216,125,1.2116142452212538e-08
140,81,6.83847225153535e-08
64,37,4.3314908311641694e-07
296,171,2.650383448449013e-09
116,67,1.1942812260110053e-07
168,97,3.2954885160991003e-15
272,157,1.6924083742816707e-07
26,15,1.7621241126902124e-09
248,143,3.4438028692457145e-07
144,83,1.5538014799264522e-08
92,53,1.4112298267619795e-12
224,129,3.335970207435272e-08
33,19,2.7676903517266285e-07
304,175,2.5359253918844105e-10
40,23,2.448925110753142e-07
148,85,2.4159958001800175e-09
256,147,3.044975375854075e-07
54,31,6.488463698960899e-09
176,101,5.0199994824039026e-14
312,179,1.386511554947682e-11
68,39,1.3175077981416388e-07
232,133,7.12498212342662e-08
96,55,1.3389357966431699e-08
124,71,2.2822840493875455e-07
152,87,2.4126512476599963e-10
208,119,8.788625570415653e-10
264,151,2.03305654929059e-07
320,183,3.2511679503511616e-13
7,4,6.456238117544925e-08
296,169,2.171131362332231e-09
240,137,1.1756481512566386e-07
184,105,5.91612462483504e-13
156,89,1.376678099679597e-11
128,73,2.1094710415256566e-07
100,57,8.278268998676088e-11
272,155,1.010917940819449e-07
72,41,1.4773496980579087e-08
304,173,2.2629004733899367e-10
58,33,4.1864342388946055e-08
160,91,3.369165599783629e-13
248,141,1.4901974787745316e-07
44,25,1.4717834961965764e-07
280,159,3.673384202305141e-08
192,109,5.406752142446102e-12
37,21,1.9234183801662627e-09
104,59,4.482359727517528e-10
224,127,1.0341757359623936e-08
30,17,7.229563095726716e-08
256,145,1.4399982734525944e-07
136,77,7.645066970481239e-08
288,163,9.497878241342109e-09
76,43,2.092407949376618e-10
320,181,3.4416743394426924e-13
168,95,4.449587746277403e-16
23,13,2.437919379129687e-13
200,113,3.8373770551564767e-11
108,61,1.7750019117827432e-09
232,131,2.4224890491130374e-08
62,35,9.586066868072859e-08
264,149,1.0499917612103568e-07
140,79,2.9012716034627046e-08
296,167,1.6797853878200747e-09
39,22,1.300474719412819e-11
16,9,2.114926068790941e-07
312,175,1.2372572212189681e-11
148,83,1.4461728417560182e-09
280,157,2.2585848572919026e-08
66,37,7.3817603495029e-08
248,139,6.074891800624899e-08
116,65,1.3804135543975453e-08
216,121,9.065895159336719e-10
25,14,1.7497043858594926e-11
184,103,9.873956577350185e-14
84,47,1.5908647826344307e-16
320,179,3.4416743394426924e-13
152,85,1.7140510883165832e-10
288,161,6.367199330619328e-09
34,19,4.185704974304031e-08
256,143,6.418927676454983e-08
120,67,2.6125024973749194e-08
224,125,3.012550077893106e-09
52,29,1.1296504136073853e-10
296,165,1.2273440601880052e-09
192,107,9.998408027509216e-13
70,39,1.7330022194736555e-08
88,49,5.113870452750983e-08
124,69,3.792418281668847e-08
160,89,3.3689864128019675e-13
232,129,7.745657281039848e-09
304,169,1.518488146882302e-10
9,5,5.5576423059020455e-09
272,151,3.0301422586459126e-08
200,111,7.84668089461132e-12
128,71,4.191182286818768e-08
312,173,1.073030052789859e-11
92,51,3.930053261411871e-14
240,133,1.535029966207311e-08
74,41,1.0267976334237256e-09
56,31,1.469396854210534e-08
320,177,3.25118529750005e-13
132,73,3.490905407971023e-08
208,115,4.7761640076921117e-11
38,21,1.3261464143853945e-10
248,137,2.332119418088206e-08
96,53,4.029963031497955e-09
29,16,4.2793701204301116e-09
136,75,2.1617478356062305e-08
78,43,9.78136151271327e-12
176,97,1.0558980304398454e-15
216,119,2.254362209336885e-10
256,141,2.696082220324616e-08
296,163,8.467746854171227e-10
20,11,1.8654567768048596e-08
304,167,1.141715471531998e-10
264,145,2.348049482797951e-08
224,123,8.241160382426065e-10
184,101,1.5370379510150547e-14
144,79,3.136923422575298e-09
31,17,1.4125981068897027e-08
104,57,3.0929581945524025e-11
272,149,1.5197742373648744e-08
42,23,1.923770432173223e-17
232,127,2.327789844791676e-09
148,81,6.883458874979795e-10
64,35,1.7086100373681688e-08
280,153,7.1754943027679045e-09
108,59,1.0973628996094319e-10
152,83,9.689558872765412e-11
240,131,5.0615241769453495e-09
11,6,1.556103843630085e-08
288,157,2.406947537242338e-09
200,109,1.5007830580456477e-12
156,85,7.787116106438057e-12
112,61,4.209196986380891e-10
248,135,8.427432153816601e-09
68,37,1.052855647460317e-08
296,161,5.515591804842965e-10
160,87,2.6825654579656013e-13
46,25,5.905970853365319e-15
208,113,1.0094752764310063e-11
116,63,1.2465762274695503e-09
256,139,1.0666178459994222e-08
35,19,5.194529618848647e-09
304,165,8.106297573151094e-11
24,13,1.488020291071839e-08
320,173,2.445340843042032e-13
37,20,4.3562636847833306e-10
272,147,7.1871583164296624e-09
124,67,4.95171166494287e-09
224,121,2.115853858294533e-10
50,27,6.399303950776289e-13
176,95,1.374380461960609e-16
76,41,6.685063610279015e-11
280,151,3.7058534504280344e-09
128,69,6.559086802773931e-09
232,125,6.571625652472296e-10
13,7,1.0381985861049952e-11
288,155,1.3567111185217728e-09
184,99,2.2292469387731452e-15
132,71,6.535957189527948e-09
80,43,1.5693235102287078e-09
296,159,3.391268586694915e-10
54,29,2.476554862495801e-11
136,73,4.8342195836809145e-09
192,103,2.7840156758371543e-14
248,133,2.8653163508855956e-09
304,163,5.434309249587145e-11
28,15,2.7099945416990923e-09
312,167,4.968998331240775e-12
256,137,3.972932599008634e-09
200,107,2.6825448398222856e-13
144,77,9.965964304332814e-10
58,31,3.4101412592219866e-10
320,171,1.9468011311406028e-13
88,47,4.141972925762374e-09
148,79,2.602105407143582e-10
208,111,1.9965418012641377e-12
15,8,8.535235075272841e-10
272,145,3.2037431579273186e-09
152,81,4.354414049200643e-11
92,49,8.264618095856308e-16
216,115,1.1479870142021301e-11
62,33,1.6327501207070379e-09
280,149,1.804895403239633e-09
156,83,4.157078209222192e-12
32,17,3.1428079916076182e-09
296,157,1.9678422093818442e-10
66,35,2.5857402967908096e-09
232,123,1.7417389604125416e-10
100,53,1.1053728545052835e-13
168,89,7.023970644296473e-19
304,161,3.4391552087129623e-11
17,9,2.091855827452797e-09
240,127,4.5707817593361495e-10
104,55,4.294085575940872e-12
70,37,1.2320842887372356e-09
176,93,1.6617686423730868e-17
248,131,9.161542432350826e-10
320,169,1.4637524231964433e-13
36,19,5.19936218581747e-10
256,135,1.3926689869686762e-09
184,97,3.0089888422755097e-16
74,39,1.466714666949184e-10
112,59,2.440196945165531e-11
264,139,1.5900816787386527e-09
19,10,2.677317394094846e-11
192,101,4.1835983976670826e-15
116,61,8.755265906020392e-11
272,143,1.3456382527393773e-09
78,41,2.786826827498429e-12
40,21,1.0698520437180004e-09
288,151,3.6185101444906206e-10
124,65,5.061625689168412e-10
208,109,3.691943976879394e-13
21,11,2.2424567294944714e-19
296,155,1.0774015017610168e-10
128,67,8.058702582201876e-10
216,113,2.3473626130813635e-12
304,159,2.054294233584458e-11
44,23,9.631351935410048e-10
312,163,2.233026666329084e-12
224,117,1.149831164104332e-11
136,71,8.527591263364577e-10
320,167,1.0393023841970292e-13
23,12,1.0756842447434073e-16
232,121,4.3310625886816815e-11
140,73,5.492131142128913e-10
48,25,3.7572004376583036e-10
148,77,7.799592918957856e-11
248,129,2.753301900029469e-10
25,13,1.781800664661442e-14
152,79,1.5535586697418916e-11
256,133,4.59210985914529e-10
52,27,1.9184223791718676e-12
264,137,5.745976977639923e-10
160,83,8.570185637621647e-14
27,14,1.0352473462524022e-12
272,141,5.323582972035913e-10
56,29,3.6393380377495006e-10
288,149,1.7112281384476504e-10
29,15,2.10824217807225e-11
176,91,1.863956240686665e-18
296,153,5.564344820375195e-11
60,31,6.386377467950081e-11
304,157,1.1579327767994794e-11
184,95,3.7752567939583825e-17
31,16,1.4744458319484596e-10
312,161,1.3729853064146046e-12
64,33,2.5773864535979213e-10
33,17,3.3761672645923476e-10
200,103,6.968435420116294e-15
68,35,3.273697571716966e-10
208,107,6.377187989102965e-14
35,18,2.306808424791338e-10
72,37,1.155494198059842e-10
37,19,3.9119024007330186e-11
224,115,2.430235081421865e-12
76,39,8.505800226122915e-12
232,119,1.0097370682680791e-11
39,20,1.0534769401342214e-12
80,41,3.2158476436871176e-11
248,127,7.772893807279418e-11
84,43,2.1552957779092714e-20
256,131,1.4235822484483973e-10
88,45,1.9536248829545896e-10
272,139,1.9829253863962607e-10
92,47,1.300571816878291e-17
280,143,1.4618727669089384e-10
96,49,7.627981383668743e-11
296,151,2.710053016369702e-11
100,51,2.6775289369471956e-15
304,155,6.157581385813722e-12
104,53,8.225238056742419e-13
320,163,4.40964524741095e-14
108,55,1.9143448426619214e-13
112,57,1.0898477454010076e-12
116,59,4.7579234447402654e-12
120,61,1.588056452459654e-11
124,63,4.03350165970727e-11
128,65,7.74366168518616e-11
132,67,1.113238757904058e-10
136,69,1.1829952642520342e-10
140,71,9.126142116145949e-11
144,73,4.980608807589813e-11
148,75,1.849975728872044e-11
152,77,4.392909644727309e-12
156,79,5.938167695248804e-13
160,81,3.432653838453048e-14
168,85,6.485923312550442e-21
176,89,1.9367978069326238e-19
184,93,4.397183733390509e-18
192,97,7.619549807236038e-17
200,101,1.0106364888724975e-15
208,105,1.0279652026793362e-14
216,109,8.024779647309496e-14
224,113,4.806508179842326e-13
232,117,2.2054957921587493e-12
240,121,7.730221920391631e-12
248,125,2.060121818349121e-11
256,129,4.146878938057896e-11
264,133,6.246506366625965e-11
272,137,6.950932581275456e-11
280,141,5.6120529229656374e-11
288,145,3.2039005131190923e-11
296,149,1.244329292859315e-11
304,153,3.088349019254204e-12
312,157,4.3618588830194093e-13
320,161,2.6332972012469794e-14
2,1,1.769221037367861e-10
320,159,1.4842220588846612e-14
312,155,2.2527123118821708e-13
304,151,1.4605053269800892e-12
296,147,5.384437689446787e-12
288,143,1.2675197697659701e-11
280,139,2.027991880291549e-11
272,135,2.2919621495908233e-11
264,131,1.8772513274761424e-11
256,127,1.1344223473196732e-11
248,123,5.1227628181242674e-12
240,119,1.7445719998406545e-12
232,115,4.5097153092637086e-13
224,111,8.888032206993271e-14
216,107,1.3392108736693736e-14
208,103,1.5447308856735801e-15
200,99,1.3641089512824043e-16
192,95,9.212463074536463e-18
184,91,4.747937602555222e-19
176,87,1.8614619214630557e-20
168,83,5.528191469848086e-22
160,79,1.0907887233345866e-14
156,77,1.5838028189961667e-13
152,75,9.82366965008351e-13
148,73,3.4636755282762983e-12
144,71,7.794517635908841e-12
140,69,1.1915884511519645e-11
136,67,1.2860454129617533e-11
132,65,1.0053039835046706e-11
128,63,5.7940926362362186e-12
124,61,2.4936199972443956e-12
120,59,8.086818135257354e-13
116,57,1.988900094967434e-13
112,55,3.7257913294763166e-14
108,53,5.330192724152739e-15
320,157,7.903361033518603e-15
104,51,1.1029393152677022e-13
304,149,6.51034781279925e-13
100,49,4.876525821808092e-17
296,145,2.1950063303162262e-12
96,47,4.7212551500977116e-12
280,137,6.89514656295871e-12
92,45,1.515775217267403e-19
272,133,7.1052232023539594e-12
88,43,5.299700367861558e-12
256,125,2.912538543947129e-12
84,41,1.5650666922197986e-22
248,121,1.1943127358834194e-12
80,39,3.7435280205991324e-13
39,19,7.489496484922289e-14
232,113,8.625332073496838e-14
76,37,4.250870486590314e-13
224,109,1.535250713556385e-14
37,18,1.3702927686686873e-12
72,35,2.818740343319994e-12
35,17,3.929078199872655e-12
208,101,2.161589324507868e-16
68,33,3.864929101598576e-12
200,97,1.711473275210608e-17
33,16,2.750114778915277e-12
64,31,1.4447332294014283e-12
312,151,5.037637882108289e-14
31,15,5.627651639576184e-13
184,89,4.745655274217288e-20
304,147,2.734496655373316e-13
60,29,1.653562303894978e-13
296,143,8.426514697577508e-13
176,85,1.6520980785018113e-21
29,14,3.6778065775926095e-14
288,139,1.6549843094060957e-12
56,27,2.210867097451884e-12
272,131,2.0697434380592343e-12
27,13,8.009717849892261e-16
160,77,2.7408495252096457e-15
264,127,1.404628522597453e-12
52,25,3.346519267960958e-14
256,123,7.013306256544246e-13
152,73,1.7329193626029612e-13
25,12,5.895985155933906e-18
248,119,2.6086510173845186e-13
148,71,5.104050864470261e-13
48,23,1.0305855392553964e-12
140,67,1.2180382570386433e-12
232,111,1.541706800831023e-14
23,11,1.456806667186217e-20
320,153,1.8734920799385623e-15
136,65,1.0911148015951673e-12
224,107,2.4747325225288398e-15
312,149,2.17985391276077e-14
44,21,7.060699482660516e-13
304,145,1.0817909062552598e-13
216,103,3.023275894106032e-16
128,61,3.359004570598895e-13
296,141,3.045038181105348e-13
21,10,1.178153178762171e-23
208,99,2.813381573481269e-17
124,59,1.1894367348183754e-13
288,137,5.45705407973906e-13
40,19,6.954469770352559e-13
78,37,1.4026976554658272e-14
272,129,5.662000816132125e-13
116,55,6.352761697527933e-15
192,91,1.0736766628359733e-19
19,9,6.652491054342429e-14
264,125,3.4927928062815793e-13
112,53,9.678409402410968e-16
74,35,1.789172109764629e-13
184,87,4.383910808444868e-21
256,121,1.582777018072306e-13
36,17,3.0631332735574014e-13
320,151,8.326631466393611e-16
248,117,5.334071961880864e-14
176,83,1.3516629618824858e-22
70,33,3.548132382454198e-13
104,49,8.898598580293217e-15
240,113,1.3485290845386675e-14
17,8,2.8918821547589164e-13
304,143,4.0295024239428974e-14
168,79,3.1311338876040633e-24
100,47,6.613191208185494e-19
232,109,2.572868488731312e-15
66,31,1.7001954653712757e-13
296,139,1.0353089917118222e-13
32,15,2.4345689153714295e-13
156,73,5.547646675958095e-15
280,131,1.87048266412117e-13
62,29,2.352462500061976e-14
216,101,4.080670817074751e-17
92,43,1.2929510416426267e-21
152,71,2.4038930555046737e-14
272,127,1.4536733362231057e-13
15,7,5.652924959596598e-15
208,97,3.401530670908749e-18
148,69,5.899534335536389e-14
88,41,8.143041366478818e-14
320,149,3.5041240754406446e-16
58,27,1.0240272599146666e-15
144,67,9.202230991589134e-14
200,93,2.1524066579299408e-19
256,119,3.345290831897138e-14
312,145,3.4122016921856076e-15
28,13,9.720324061448781e-14
304,141,1.4124985895324727e-14
248,115,1.0202005773962217e-14
192,89,1.031905950466201e-20
136,63,7.191044092679054e-14
54,25,1.4587905400026966e-17
296,137,3.3102643902577656e-14
80,37,2.554858894023696e-15
132,61,3.837035280027791e-14
184,85,3.7365106805999577e-22
288,133,4.9279645037402445e-14
13,6,2.0672060735632522e-15
232,107,4.0048590876680877e-16
128,59,1.5002077402717598e-14
280,129,4.957514433597103e-14
76,35,8.173583333410815e-15
176,81,1.0175014326157093e-23
50,23,6.871533181802713e-20
224,103,5.203826939888861e-17
124,57,4.350093832619599e-15
272,125,3.500402618054826e-14
37,17,1.8288972773797205e-14
320,147,1.3877719110656016e-16
24,11,4.5946125591085953e-14
304,139,4.657298849551497e-15
35,16,2.492012943609654e-14
256,117,6.616300823611181e-15
116,53,1.5388128518241966e-16
208,95,3.815303036538198e-19
46,21,1.0578250973712966e-22
160,73,8.500102955590333e-17
296,135,9.948422298104665e-15
68,31,1.6765082567699342e-14
248,113,1.823524180088083e-15
112,51,1.894597187884834e-17
156,71,7.259819055311017e-16
200,91,2.1513679060768966e-20
288,131,1.3480996918454076e-14
11,5,8.109796253991718e-15
240,109,3.7547666253394966e-16
152,69,2.61292723424417e-15
108,49,1.7637566975865096e-18
280,127,1.2327507449937245e-14
64,29,2.9213565186930133e-15
148,67,5.327335796766177e-15
232,105,5.808264190365032e-17
42,19,5.157728016207946e-26
272,123,7.899778243692374e-15
104,47,4.173252484759093e-16
31,14,7.514019183489701e-16
144,65,6.885442737168881e-15
184,83,2.9330607956029344e-23
224,101,6.772956135129555e-18
264,119,3.636867249141474e-15
304,137,1.443506771648399e-15
20,9,6.178762635221995e-15
296,133,2.8084630985740125e-15
256,115,1.2234638916651557e-15
216,97,5.963177414785557e-19
176,79,7.033272333374146e-25
78,35,2.389582018803088e-16
136,61,3.6618758969222026e-15
29,13,2.1533077016710177e-17
96,43,3.461125965132969e-15
248,111,3.0431778032277337e-16
38,17,7.853960533138878e-16
208,93,3.964346267098727e-20
132,59,1.6039517533153653e-15
320,143,1.9949221221568024e-17
56,25,2.8763903302848306e-15
74,33,1.457438770922121e-15
240,107,5.642313760553724e-17
92,41,7.963061537359667e-24
312,139,1.3357373172256827e-16
128,57,5.128661675848138e-16
200,89,1.9873747884346364e-21
272,121,1.6696637223363298e-15
9,4,1.7123427963560953e-15
304,135,4.205620224743983e-16
232,103,7.839712506272026e-18
160,71,1.1275646777573507e-17
124,55,1.2112150358959333e-16
88,39,6.955912915186422e-16
70,31,1.3542481345060686e-15
192,85,7.492929784176526e-23
296,131,7.443318967508343e-16
52,23,7.460553464834756e-17
224,99,8.188870412376724e-19
120,53,2.1296968728162663e-17
256,113,2.1133178881188591e-16
34,15,7.487667492215198e-16
288,127,8.334329862973886e-16
152,67,2.2182776436778168e-16
320,141,7.80621699974401e-18
84,37,2.9859390285542396e-27
184,81,2.116309246937745e-24
25,11,5.861381898559118e-22
216,95,6.438823870340005e-20
116,51,2.802602538005772e-18
248,109,4.736930055663535e-17
66,29,2.9659729503844447e-16
280,123,6.277513637914533e-16
148,65,3.7418527492244525e-16
312,137,4.07660090322124e-17
16,7,9.416634906782537e-16
39,17,2.1684047357559784e-17
296,129,1.8507331091419457e-16
140,61,2.8622852649786413e-16
264,115,1.243312017670727e-16
62,27,1.8201012537737797e-17
232,101,9.836056976579933e-19
108,47,2.055586965312815e-20
200,87,1.6938856010636964e-22
23,10,5.504302250811351e-25
168,73,6.941000138081998e-28
320,139,2.1683936110400025e-18
76,33,5.876375771619624e-17
288,125,1.8809213627726592e-16
136,59,1.4320987209597844e-16
256,111,3.406542182475137e-17
30,13,2.874561260700785e-18
224,97,9.184988934572606e-20
104,45,1.116843095153841e-17
37,16,9.011075309523137e-17
192,83,5.640502599993036e-24
280,121,1.2836064337393306e-16
44,19,5.123195402743548e-17
248,107,6.869990172472119e-18
160,69,8.67357444423944e-19
58,25,3.388498099166172e-19
304,131,2.954450918388078e-17
72,31,8.719492511349855e-17
272,117,6.10641404149688e-17
100,43,4.795475229555221e-23
128,55,1.3322616440714575e-17
156,67,5.854692786541141e-18
184,79,1.4006483698236465e-25
240,103,1.0276209247859986e-18
296,127,4.3144470217877736e-17
7,3,5.664028277720733e-17
320,137,6.505180833120008e-19
264,113,2.0748938928266407e-17
208,89,3.381566513559362e-22
152,65,1.4582519211860487e-17
124,53,2.546923123853557e-18
96,41,3.975295178169973e-17
232,99,1.14563507520022e-19
68,29,2.559757389412076e-17
312,133,3.0357666300583695e-18
176,75,2.5787669411736525e-27
54,23,1.9756152054432165e-21
256,109,5.1190349313356326e-18
148,63,2.0322014478312445e-17
40,17,2.4911071665118887e-17
304,129,7.128629280147382e-18
33,14,8.258286685594875e-18
224,95,9.543796675379208e-21
92,39,3.486058212657472e-26
144,61,1.7829196507701387e-17
248,105,9.272778418756802e-19
26,11,1.517981039199105e-18
272,115,1.0547730715276091e-17
168,71,3.494880735882687e-29
116,49,3.800685049912657e-20
296,125,9.425782640657756e-18
64,27,2.1490244740753762e-18
140,59,1.0468162557564584e-17
216,91,5.945138347777752e-22
19,8,3.3881317871423043e-18
240,101,1.2424493038353851e-19
88,37,3.229726702311247e-18
288,121,7.862583333305056e-18
50,21,3.609921717243653e-24
312,131,7.04731539120693e-19
112,47,2.9880111059926496e-21
31,13,3.3149062715259195e-19
136,57,4.271838615922901e-18
74,31,4.29615111012007e-18
160,67,1.0841968055234574e-19
184,77,8.483770061276456e-27
208,87,2.7666203367375e-23
232,97,1.2370154310010614e-20
256,107,7.163219702563453e-19
280,117,4.388213001846311e-18
304,127,1.6059744671054462e-18
12,5,5.045469255746662e-18
320,133,5.420984027600007e-20
296,123,1.926152922794369e-18
272,113,1.7002399706059697e-18
248,103,1.1634045222670434e-19
224,93,9.172499234337265e-22
200,83,9.59393610230889e-25
176,73,1.3611970502063625e-28
152,63,7.521652567455912e-19
70,29,1.8082035841172455e-18
128,53,2.60796915645781e-19
29,12,3.949157144010293e-21
104,43,1.7619055586384145e-19
288,119,1.4539320540391198e-18
46,19,2.0181655766124205e-27
264,109,4.68408392650798e-19
80,33,6.814568527059734e-20
148,61,8.478799805264571e-19
216,89,5.0671791768518895e-23
17,7,6.649407159313892e-19
192,79,2.46929128577522e-26
124,51,4.0079010634992523e-20
304,125,3.388131787142291e-19
56,23,7.32588946731408e-19
39,16,9.486770718932405e-20
256,105,9.323173363601762e-20
100,41,2.495283829680074e-25
144,59,6.096519638186172e-19
232,95,1.2364183630078276e-21
320,131,0.0
22,9,1.7365395513126913e-19
296,121,3.6803581572302256e-19
208,85,2.0826471495414374e-24
120,49,4.535723114054516e-21
272,111,2.554945845224963e-19
76,31,1.5246593042140355e-19
184,75,4.691349821870103e-28
27,11,1.4345438741540256e-23
248,101,1.3550523828023275e-20
140,57,2.914719780786253e-19
312,127,4.0657588795424596e-20
32,13,2.839474406081163e-19
37,15,1.5670109530209247e-19
264,107,6.322358556650649e-20
116,47,3.79551690279166e-22
200,81,6.349606175888949e-26
42,17,3.2914241530134848e-31
304,123,6.606856984927468e-20
136,55,9.643519735356871e-20
240,97,1.4480242928687146e-21
52,21,2.0329347894026993e-20
280,113,1.1398548840767198e-19
176,71,6.533131088464887e-30
62,25,4.495435015748203e-21
320,129,0.0
72,29,1.0172734061364692e-19
256,103,1.1272229314157465e-20
92,37,1.0652846780751398e-28
296,119,6.564505343736306e-20
112,45,2.35261893100766e-23
132,53,2.2601572864658724e-20
152,61,2.879912019070956e-20
192,77,1.4295339618377696e-27
232,93,1.1421694114603779e-22
272,109,3.5751986845571565e-20
312,125,6.776264799237433e-21
5,2,4.4257545760742914e-20
288,115,4.04722930131411e-20
248,99,1.4631366968675257e-21
208,83,1.4395868261487659e-25
168,67,6.610980241652212e-32
148,59,2.699917520407674e-20
128,51,3.8110860383222775e-21
108,43,1.0798911096124178e-24
304,121,1.2705494201783594e-20
88,35,7.932300184241703e-21
78,31,3.388132399618716e-21
224,89,6.66038230367291e-24
68,27,1.3016514119174813e-20
320,127,0.0
184,73,2.3621529851025062e-29
58,23,3.3686102457817595e-23
280,111,1.65336860834002e-20
48,19,1.5968097520456462e-20
296,117,1.0958488759301736e-20
124,49,4.67104610602807e-22
200,79,3.845975816196581e-27
38,15,5.505714154106238e-21
256,101,1.2643407195260738e-21
104,41,3.3881690319621536e-21
33,13,2.7326557770530135e-21
160,63,4.8100540808473845e-34
216,85,2.869980874746378e-25
272,107,4.65309774077835e-21
28,11,6.131255081277145e-21
288,113,6.0880493087131794e-21
232,91,9.734975077342922e-24
176,69,2.8425936870028744e-31
74,29,4.34104385634175e-21
120,47,4.1879546296467085e-23
304,119,2.117582366963932e-21
23,9,5.112885252820995e-30
248,97,1.4624299784706436e-22
156,61,8.47033099904679e-22
64,25,4.115078899186474e-22
264,103,9.238961207359472e-22
100,39,9.149017360877474e-28
136,53,1.6330613243378799e-21
208,81,9.117383231794035e-27
280,109,2.231733292626263e-21
18,7,2.2996367482618538e-21
296,115,1.7205356747695964e-21
224,87,5.013780203496957e-25
152,59,9.529120651337718e-22
116,45,2.756020270389307e-24
312,121,4.235165499523395e-22
80,31,1.2351570690923733e-23
31,12,4.489322845723903e-23
168,65,2.4674953683892176e-33
256,99,1.3137308337963124e-22
44,17,3.065027287505271e-22
272,105,5.626120635085151e-22
184,71,1.0798766272038289e-30
70,27,7.978157007924501e-22
96,37,8.503416864815297e-22
148,57,6.617444902959986e-22
200,77,2.126745262260908e-28
304,117,3.705769142186881e-22
13,5,2.2188322133995872e-27
320,123,0.0
216,83,1.8994548306283597e-26
112,43,1.3324911168412452e-25
232,89,7.6416921376098585e-25
60,23,3.569489888763941e-24
248,95,1.350951437006172e-23
128,49,4.113082894499467e-23
264,101,9.975927434355593e-23
34,13,1.9022569149364404e-22
280,107,2.8000063734395477e-22
144,55,3.1019272972383727e-22
296,113,2.5146290631247945e-22
76,29,1.8528845710934448e-22
312,119,2.1175827497616977e-22
160,61,1.527189257943439e-35
21,8,4.581004075336266e-34
176,67,1.1176009398664975e-32
92,35,2.224638546528542e-31
192,73,3.621627058290649e-30
50,19,4.829290555575239e-29
208,79,5.278279228430885e-28
108,41,4.7275320380906976e-27
224,85,3.4656719541029373e-26
29,11,2.074667695914497e-25
240,91,1.0105406803494773e-24
124,47,3.98437234920319e-24
256,97,1.2626267835254053e-23
66,25,3.1848069170410665e-23
272,103,6.310483345004193e-23
140,53,9.652163772547333e-23
288,109,1.1042861178168607e-22
37,14,8.933550618995982e-23
304,115,5.29395591740983e-23
156,59,0.0
320,121,0.0
8,3,1.685155521118082e-22
320,119,0.0
78,29,0.0
304,113,6.6174448967622876e-24
148,55,1.1580528580179974e-23
288,107,1.3441684954699616e-23
35,13,1.0817971448342417e-23
272,101,6.5560525893566345e-24
132,49,3.0611337219416432e-24
256,95,1.1205990039719466e-24
62,23,3.259817807253959e-25
240,89,7.607113898943662e-26
116,43,1.4340711640477216e-26
224,83,2.1949256389813853e-27
27,10,2.736885539227554e-28
208,77,2.786129175539446e-29
100,37,2.317841318481509e-30
192,71,1.5757856367991267e-31
46,17,8.746442150500953e-33
176,65,3.9563217186041495e-34
84,31,1.4544659797378014e-35
160,59,4.330204718509948e-37
312,115,0.0
19,7,1.0393113965127682e-38
296,109,3.722312757914992e-24
144,53,4.4977945809956406e-24
280,103,3.521979951819963e-24
68,25,2.053411247183904e-24
264,97,9.21036127612175e-25
128,47,3.2384317881137403e-25
248,91,9.03857103679638e-26
30,11,2.0217124494231317e-26
232,85,3.649199673330627e-27
112,41,5.341632663858873e-28
216,79,6.362058598537636e-29
320,117,0.0
52,19,6.177938595591521e-30
304,111,0.0
200,73,4.89544073374545e-31
74,27,1.4475660725224968e-24
96,35,1.4992648919822752e-24
140,51,1.1212174709004838e-24
184,67,1.6677538005524792e-33
272,99,6.304828790035551e-25
11,4,2.7162058695705235e-25
256,93,9.168141440479853e-26
168,61,2.4847127169122422e-36
124,45,2.4539096178710915e-26
80,29,5.258257134409652e-27
312,113,0.0
58,21,9.082450654277437e-28
152,55,8.271806120952875e-25
224,81,1.2706969198333037e-28
296,107,5.169878830437489e-25
36,13,4.911529353247718e-25
280,101,3.5219799518199626e-25
208,75,1.3372161599714752e-30
136,49,1.8942759144949864e-25
25,9,1.0085028041718945e-31
264,95,7.852005906204216e-26
64,23,2.542183772705232e-26
39,14,0.0
248,89,6.521661014882073e-27
92,33,3.096251779270277e-34
304,109,0.0
120,43,1.3380375177471596e-27
148,53,1.0339757660874978e-25
176,63,1.2561297117258204e-35
232,83,2.210331056310036e-28
288,103,1.5509636486191865e-25
14,5,1.074660825342617e-25
272,97,5.593970451120588e-26
216,77,3.2033752023751254e-30
160,57,1.0912769809227155e-38
132,47,2.222063397825514e-26
104,37,2.8242926857956737e-31
256,91,6.901349629326965e-27
76,27,2.3157624539018945e-40
200,71,2.0256252916865983e-32
31,11,1.6962235095482545e-27
296,105,2.5849394152187446e-26
48,17,5.203181280052353e-26
280,99,3.231174267724737e-26
116,41,5.258063193194489e-29
184,65,5.594068341188266e-35
320,113,0.0
17,6,1.620635843691073e-26
224,79,6.707347443984403e-30
156,55,0.0
88,31,6.1610036719191294e-27
304,107,0.0
54,19,6.93371314343859e-31
128,45,1.834200212252256e-27
37,13,1.2924697076093723e-26
168,59,6.646122973724184e-38
208,73,5.818285319674228e-32
248,87,4.3163633764817215e-28
288,101,1.4540284205804872e-26
20,7,9.77457221140546e-27
312,109,8.271807616256632e-25
272,95,4.56908236305427e-27
232,81,1.2222673650811149e-29
192,67,2.193178333934101e-34
152,53,3.2947839856291796e-41
66,23,1.6715962581625477e-27
112,39,1.487281343959892e-30
296,103,0.0
23,8,9.830580348250247e-36
256,89,4.77063632432472e-28
72,25,4.8469078467609155e-27
320,111,0.0
124,43,1.0742991304187947e-28
176,61,3.5616402594160585e-37
280,97,2.7767903863259457e-27
26,9,1.1686299780923201e-32
240,83,1.9279425411792082e-29
136,47,1.2747992228411087e-27
304,105,0.0
84,29,1.0393114120447304e-38
200,69,7.560483954191676e-34
29,10,2.7754516243255064e-30
264,91,4.445231200918337e-28
148,51,0.0
32,11,9.295015009805812e-28
312,107,0.0
35,12,7.573064689979851e-28
248,85,2.6143343437091053e-29
108,37,3.0168892067174464e-32
184,63,1.6793908052888552e-36
38,13,4.535330187336966e-42
272,93,3.4552107648787475e-28
120,41,4.481590832340692e-30
208,71,2.28753092481249e-33
296,101,0.0
44,15,1.1566673028537546e-28
320,109,0.0
232,79,6.154279044634335e-31
144,49,4.038967834945799e-28
50,17,1.403634156676698e-34
256,87,3.020474450381803e-29
156,53,1.033975952032079e-25
56,19,2.1463815840959567e-28
304,103,0.0
62,21,6.2192129764154904e-30
192,65,6.963327710243469e-36
68,23,9.229672591114464e-29
216,73,6.059564645261708e-33
74,25,0.0
80,27,1.0176613826488571e-30
264,89,2.943437252604533e-29
92,31,2.7873706297311927e-37
288,97,1.0097419587364496e-28
104,35,2.5849399236983755e-26
116,39,1.332089006261495e-31
128,43,7.352430155693716e-30
140,47,5.679798517484888e-29
152,51,6.034915170829736e-43
176,59,8.975871293553973e-39
200,67,2.535977748569987e-35
224,75,1.400697909541596e-32
248,83,1.4458919057487704e-30
272,91,2.4060257609315482e-29
296,99,0.0
320,107,0.0
3,1,3.2792004348597365e-29
304,101,0.0
280,93,1.577721810412469e-29
256,85,1.748744389503849e-30
232,77,2.813475199032235e-32
208,69,8.09788874731897e-35
184,61,4.492043607963407e-38
160,53,4.7620966978898284e-42
148,49,0.0
136,45,6.1136720154818025e-30
124,41,3.282747590208164e-31
112,37,2.8133694045406686e-33
312,103,6.462349700200494e-27
100,33,4.456530179384003e-36
288,95,0.0
88,29,1.7811000139295838e-30
240,79,4.884338894898538e-32
76,25,7.755714280046141e-44
216,71,2.2616841917607977e-34
70,23,3.944304526031173e-30
64,21,4.067566016933952e-31
296,97,0.0
58,19,5.7959394659386904e-33
168,55,3.2947839905737693e-41
272,89,1.5284180038704506e-30
52,17,3.231174864730887e-27
248,81,7.280015189784019e-32
144,47,9.927089551369969e-46
46,15,7.024594820673516e-39
224,73,5.507014709450081e-34
132,43,4.22163843809486e-31
304,99,0.0
40,13,7.991781811118084e-31
37,12,0.0
256,83,9.234834083338058e-32
108,35,4.1989025553358586e-35
176,57,1.9999766783280936e-40
312,101,0.0
34,11,3.6977854932349616e-31
232,75,1.1641390753934017e-33
96,31,3.1818641033429984e-38
31,10,1.575651435751865e-32
152,49,9.61708570693356e-45
208,67,2.571073903116952e-36
264,85,9.860761315258068e-32
320,103,0.0
28,9,9.871261969833162e-32
296,95,0.0
240,77,2.125105707190661e-33
184,59,1.065204953751003e-39
78,25,0.0
128,41,2.0463005659117178e-32
25,8,1.2636082224668452e-37
272,87,8.628166150881576e-32
72,23,7.586266310674775e-36
304,97,0.0
116,37,2.278695799069117e-34
160,51,8.143499993578583e-44
248,79,3.328247685144314e-33
22,7,2.1955601394459246e-32
280,89,0.0
192,61,4.975754584360995e-39
148,47,0.0
104,33,4.038968567017558e-28
224,71,1.9494839124419393e-35
60,19,4.2689252844464135e-34
256,81,4.417601809938826e-33
136,43,2.157041537720394e-32
288,91,0.0
19,6,1.1494524747555169e-45
320,101,0.0
168,53,6.034915180852557e-43
92,29,1.5651990949375777e-40
200,63,2.036393553027741e-38
54,17,1.3331500689923226e-36
232,73,4.344920994227095e-35
124,39,6.861125426879779e-34
264,83,4.91112135818517e-33
35,11,2.4651903287694828e-32
296,93,0.0
156,49,0.0
16,5,6.406607594114238e-33
312,97,0.0
74,23,0.0
280,87,6.162975821923707e-33
132,41,1.1074097180221462e-33
248,77,1.3805005656057451e-34
29,9,8.066095298549082e-36
216,67,2.277470082181321e-37
100,31,3.184484391341439e-39
184,57,2.2269092396940475e-41
42,13,7.755714308235397e-44
320,99,0.0
152,47,1.3227826095204958e-46
288,89,0.0
68,21,7.703719777572837e-34
256,79,1.925929944387499e-34
120,37,1.5933825925396834e-35
224,69,6.189482852308536e-37
13,4,5.048710704456476e-29
296,91,0.0
192,59,1.1086827127742789e-40
140,43,0.0
88,27,2.166671192646606e-34
62,19,2.698935029488071e-35
160,49,1.2069250961441768e-45
232,71,1.4574293240273925e-36
304,93,0.0
36,11,3.780017181154785e-38
272,83,0.0
200,61,4.828932311625197e-40
128,39,3.761581922631834e-35
312,95,1.262177675820409e-29
23,7,3.065381102262758e-42
240,73,2.9593070281952434e-36
148,45,0.0
56,17,1.057371040059984e-37
320,97,0.0
33,10,4.2129717533451214e-35
208,63,1.837203180219355e-39
76,23,1.4639491342630582e-47
248,75,5.125155369585361e-36
96,29,1.577394059038022e-41
116,35,2.5608328103657115e-37
136,41,1.0472848827075651e-50
156,47,6.310888379102044e-30
176,53,6.69811688130631e-44
216,65,6.091769525663971e-39
256,77,7.335084749132076e-36
296,89,0.0
10,3,5.349208855179817e-37
304,91,0.0
264,79,1.0532429383362804e-35
224,67,1.754918934394205e-38
184,55,4.078934876109601e-43
144,43,1.3703140868355859e-49
124,37,9.580278959201994e-37
104,31,1.5777220950541026e-30
272,81,1.2037062152457555e-35
84,25,1.1494524799757516e-45
232,69,4.373665504524548e-38
37,11,0.0
64,19,1.4105953922989083e-36
280,83,1.9259299443511584e-34
27,8,9.526139064357672e-40
152,45,1.556166402231931e-48
240,71,9.422321905810326e-38
44,13,1.5046327773574942e-36
288,85,0.0
200,59,1.009533730454529e-41
78,23,7.888610473877556e-31
112,33,2.8282462957407834e-39
248,73,1.7044668086923793e-37
17,5,9.780092290209039e-52
296,87,0.0
160,47,1.537146589293898e-47
92,27,5.242005224668658e-44
208,61,4.093595687601481e-41
58,17,7.260743914991539e-39
256,75,2.5860875718093862e-37
140,41,0.0
304,89,0.0
24,7,3.944309160680251e-31
320,93,0.0
148,43,0.0
272,79,0.0
31,9,3.0122042739822224e-38
224,65,4.4227221611636455e-40
100,29,1.3896419601069923e-42
176,51,9.927089557079506e-46
38,11,1.5866794708540713e-49
280,81,0.0
128,37,4.701977403289793e-38
232,67,1.1709025760144459e-39
52,15,9.860763092929364e-32
288,83,0.0
184,53,6.500084928385604e-45
66,19,9.403954806573933e-38
80,23,2.67470882723559e-39
296,85,0.0
108,31,2.122546783912894e-41
136,39,8.71868692491282e-53
192,55,3.7130838490956707e-44
248,71,4.9591167925317075e-39
304,87,0.0
7,2,6.708297472365301e-41
312,89,9.860763092346944e-32
256,73,8.816207631168361e-39
200,57,1.849118694752613e-43
144,41,1.2496784597107067e-51
116,33,1.8313289370569075e-40
320,91,0.0
88,25,1.1424031152553199e-46
74,21,0.0
208,59,8.017178839018745e-43
60,17,4.304788882406034e-40
272,77,0.0
152,43,1.549491665901977e-50
46,13,7.769027081979954e-46
216,61,3.0197981906201133e-42
124,35,9.183549615799459e-40
280,79,0.0
39,11,0.0
32,9,1.1118844890858708e-39
296,83,0.0
132,37,5.877471754108708e-39
232,65,2.775691998134735e-41
25,7,2.3763743476489943e-44
168,47,1.5561663958595512e-48
304,85,0.0
68,19,7.405834455930912e-54
240,67,6.744169249102786e-41
104,29,1.0667931941885809e-43
140,39,0.0
176,49,1.2643197636355442e-47
248,69,1.3775324423699185e-40
320,89,0.0
18,5,4.157039476687827e-43
256,71,1.836709923160075e-40
184,51,8.940544122078935e-47
148,41,0.0
112,31,1.4026997627892152e-42
264,73,0.0
76,21,1.4469961080997105e-51
192,53,5.503048808373933e-46
29,8,4.046949964970272e-42
272,75,0.0
156,43,3.08148846635842e-33
40,11,1.0047454120952227e-41
288,79,0.0
62,17,2.2958874039498644e-41
208,57,1.3710555970772478e-44
84,23,1.5866793720823605e-49
296,81,0.0
128,35,3.2467370321416195e-56
216,59,5.530749876382256e-44
304,83,0.0
11,3,1.343961822450961e-48
312,85,0.0
224,61,1.9320402576879423e-43
136,37,5.981635524014688e-55
320,87,0.0
92,25,9.894679361633303e-48
232,63,5.8013756423050294e-43
70,19,0.0
48,13,1.52467605801607e-42
37,10,0.0
248,67,2.8698592549373305e-42
100,27,3.522008969077053e-46
152,41,1.2899577724267382e-52
256,69,0.0
26,7,7.703721165913052e-34
264,71,0.0
160,43,1.5193458943378008e-51
108,29,7.110494942023505e-45
272,73,0.0
56,15,2.570508419987633e-44
288,77,0.0
116,31,7.847271400219364e-44
176,47,1.3703143461112802e-49
296,79,0.0
15,4,2.242077542919811e-43
304,81,0.0
184,49,1.0517981664660128e-48
124,33,5.380986103007494e-43
312,83,0.0
64,17,7.008699025342687e-48
132,35,0.0
200,53,4.0531140446194987e-47
34,9,4.5836287517058285e-56
208,55,2.0321564643773962e-46
140,37,0.0
72,19,8.806011353278547e-46
148,39,0.0
224,59,3.306188564266538e-45
19,5,1.095717026111002e-53
232,61,1.0509738482436647e-44
156,41,4.814825728685031e-35
80,21,2.8025969421943186e-44
248,65,0.0
42,11,1.4469958243302025e-51
256,67,0.0
88,23,1.3381982249301426e-50
272,71,0.0
23,6,1.0724174760544424e-49
280,73,0.0
96,25,7.450331629382346e-49
296,77,0.0
50,13,4.485567374712436e-48
304,79,0.0
104,27,1.203706432173596e-35
320,83,0.0
27,7,1.0537107593067935e-46
112,29,4.077997484070484e-46
58,15,1.3137173103045809e-45
120,31,4.9045446251370894e-45
31,8,2.2420775429197895e-44
128,33,1.6114475728149536e-58
66,17,0.0
136,35,3.324005583334362e-57
35,9,0.0
144,37,5.85685895376057e-56
74,19,0.0
152,39,8.850022283565191e-55
39,10,1.203706432171258e-35
160,41,1.1505029124210067e-53
168,43,1.2899579840092477e-52
176,45,1.2496786464011518e-51
184,47,1.0472828189067693e-50
192,49,7.596367943376158e-50
200,51,4.768379290599079e-49
208,53,2.588572621724416e-48
216,55,1.2080896489617254e-47
224,57,4.858017137063829e-47
232,59,1.6421466378807261e-46
240,61,5.254869241218303e-46
248,63,0.0
256,65,0.0
264,67,0.0
272,69,0.0
280,71,0.0
288,73,0.0
296,75,0.0
304,77,0.0
312,79,0.0
320,81,0.0
4,1,1.5046330410288653e-36
320,79,0.0
312,77,0.0
304,75,0.0
296,73,0.0
288,71,0.0
280,69,0.0
272,67,0.0
264,65,0.0
256,63,0.0
248,61,0.0
240,59,1.0947644252538132e-47
232,57,2.736911063134544e-48
224,55,6.6284564810289916e-49
216,53,1.4165652963489262e-49
208,51,2.8064029455969403e-50
200,49,4.747811530915947e-51
192,47,6.927426355839257e-52
184,45,8.71854596389324e-53
176,43,9.463005779424964e-54
168,41,8.850023839318941e-55
160,39,7.120706623307957e-56
78,19,0.0
152,37,4.9179733134101145e-57
37,9,0.0
144,35,2.906924967158593e-58
70,17,0.0
136,33,1.4649523490387727e-59
33,8,0.0
128,31,6.265204959337324e-61
62,15,0.0
120,29,2.7369110631345554e-48
29,7,8.55284707229545e-50
112,27,6.414635304221672e-50
54,13,1.4533158111126952e-50
320,77,0.0
104,25,2.7458481201339287e-51
304,73,0.0
25,6,4.437207038239203e-52
296,71,0.0
96,23,6.176608510490178e-53
280,67,0.0
46,11,7.405487748899583e-54
272,65,0.0
88,21,7.643256716636121e-55
256,61,0.0
21,5,6.781624244278642e-56
248,59,0.0
80,19,5.163875093626895e-57
156,37,0.0
232,55,0.0
38,9,3.36591288997514e-58
224,53,6.681911775230839e-51
148,35,0.0
72,17,1.3781443223601848e-51
140,33,0.0
208,49,2.544868742519547e-52
17,4,8.844995334896812e-61
200,47,3.955965833724289e-53
132,31,0.0
64,15,5.247007553836193e-54
312,73,0.0
124,29,0.0
184,43,5.982060126302664e-55
304,71,0.0
30,7,8.552847072295533e-50
296,69,0.0
176,41,5.856853058912052e-56
116,27,5.345529420184656e-51
288,67,0.0
56,13,6.681960955137503e-52
272,63,0.0
108,25,1.2528584578557718e-52
160,37,3.534207774828459e-58
264,61,0.0
13,3,2.2838565637996704e-53
256,59,0.0
152,35,2.1674445250740117e-59
100,23,3.344218539849399e-54
248,57,6.842277657836272e-49
74,17,0.0
48,11,2.1382541444317095e-50
35,8,0.0
232,53,1.336382355046164e-51
92,21,4.584121974283865e-56
320,73,0.0
136,31,4.987779595233896e-62
224,51,4.176194859519274e-53
312,71,1.8367102541675688e-40
22,5,4.2473635025225855e-57
304,69,0.0
216,49,1.0440487148798098e-53
128,29,1.852514763302722e-63
296,67,0.0
84,19,3.36592200572015e-58
208,47,1.9575913403996515e-54
31,7,0.0
288,65,0.0
40,9,2.71485619931621e-55
156,35,0.0
272,61,0.0
58,13,0.0
192,43,3.2459247689325236e-56
76,17,1.3086459122335725e-60
264,59,0.0
112,25,1.0440487148799663e-53
148,33,0.0
184,41,3.3237124599058056e-57
256,57,0.0
9,2,6.525305105326111e-55
320,71,0.0
248,55,0.0
176,39,2.9067315424435814e-58
140,31,0.0
104,23,1.6313261170000223e-55
240,53,0.0
68,15,2.615315036663839e-63
304,67,0.0
168,37,2.167420311376243e-59
50,11,2.0710194844722844e-56
232,51,0.0
132,29,0.0
296,65,0.0
32,7,1.3074170567506465e-54
78,17,0.0
280,61,0.0
124,27,5.345529420184587e-51
216,47,0.0
23,5,2.2745120840583637e-58
152,33,7.379584331389825e-62
272,59,0.0
60,13,2.5655422958571964e-66
208,45,1.1470261760154209e-56
37,8,0.0
88,19,1.8717663140449878e-59
320,69,0.0
116,25,0.0
144,31,3.3417907354312624e-63
200,43,1.5134373155758998e-57
256,55,0.0
312,67,0.0
14,3,1.3086412247508973e-60
304,65,0.0
248,53,1.3363823550461468e-51
192,41,1.5993149264103884e-58
136,29,1.2686231223307837e-64
108,23,0.0
296,63,0.0
80,17,7.748501975145055e-62
33,7,0.0
184,39,1.4643532825717746e-59
288,61,0.0
52,11,7.965459555674181e-58
232,49,0.0
128,27,4.0086598416985586e-66
280,59,0.0
19,4,3.869443856397316e-63
176,37,1.1306562426231608e-60
100,21,9.956824444578288e-59
224,47,0.0
62,13,0.0
272,57,0.0
148,31,0.0
320,67,0.0
24,5,1.0497507601493033e-59
304,63,0.0
140,29,0.0
256,53,0.0
29,6,0.0
208,43,3.982729777831323e-59
92,19,8.824041194780118e-61
160,33,4.0629160492171606e-63
296,61,0.0
34,7,5.659284382519426e-66
248,51,8.352389719038417e-53
112,23,2.2251368266785977e-69
39,8,0.0
200,41,6.22301527786143e-60
288,59,0.0
44,9,6.373425070975752e-62
240,49,0.0
152,31,1.8769626336709198e-64
54,11,0.0
280,57,0.0
64,13,6.223016911019196e-61
74,15,0.0
232,47,0.0
84,17,3.8700373293813964e-63
272,55,0.0
104,21,4.978412222327329e-60
124,25,0.0
144,29,7.231294804569443e-66
184,37,4.952888136188565e-62
224,45,0.0
264,53,0.0
304,61,0.0
5,1,3.113478471457787e-61
296,59,0.0
256,51,0.0
216,43,0.0
176,35,3.3424398465075976e-63
156,31,0.0
136,27,2.3056353213633738e-67
116,23,0.0
96,19,3.646298014423874e-62
248,49,0.0
76,15,8.3730982125815e-66
208,41,0.0
66,13,0.0
320,63,0.0
56,11,1.876859048506429e-64
148,29,0.0
240,47,0.0
46,9,2.5827944268467975e-63
312,61,0.0
128,25,6.02641293197364e-69
200,39,3.889384548663394e-62
272,53,0.0
36,7,2.9460727552577062e-67
304,59,0.0
232,45,0.0
160,31,8.790818577129592e-66
31,6,3.262652233999382e-55
88,17,1.6142465168341455e-64
140,27,0.0
192,37,1.823149007185967e-63
296,57,0.0
26,5,1.118721376412208e-72
224,43,0.0
120,23,1.2761813520537163e-70
256,49,0.0
68,13,8.50788124205101e-69
288,55,0.0
152,29,3.411364865784986e-67
320,61,0.0
21,4,8.373532885177219e-66
184,35,1.2819016456776384e-64
100,19,2.4308653429146213e-63
216,41,0.0
58,11,0.0
248,47,4.078315292499227e-56
132,25,0.0
280,53,0.0
37,7,0.0
312,59,0.0
16,3,1.2151184335968681e-64
156,29,0.0
296,55,0.0
70,13,0.0
264,49,0.0
124,23,0.0
232,43,0.0
27,5,0.0
200,37,3.0385816786432766e-64
92,17,5.934729841100178e-66
168,31,3.4194244201651155e-67
320,59,0.0
38,7,1.258852587945463e-68
288,53,0.0
136,25,2.8150980101235687e-70
256,47,0.0
60,11,3.739725467017964e-72
224,41,0.0
104,19,2.858047304210768e-74
148,27,0.0
192,35,4.747783872880122e-66
280,51,0.0
11,2,3.060095075515258e-67
248,45,0.0
160,29,1.321223577600878e-68
116,21,0.0
304,55,0.0
72,13,3.597067839786702e-70
272,49,0.0
50,9,0.0
128,23,5.843322324146797e-72
39,7,0.0
184,33,2.967364920550089e-67
240,43,0.0
296,53,0.0
28,5,1.2605560397213144e-68
320,57,0.0
264,47,0.0
208,37,0.0
152,27,4.165612376260502e-70
62,11,1.5930919111325106e-58
96,17,2.895164818105678e-76
232,41,0.0
17,3,8.249337293175149e-72
312,55,0.0
176,31,1.0432142298808834e-68
108,19,0.0
256,45,0.0
74,13,0.0
40,7,4.381640166824184e-70
304,53,0.0
132,23,0.0
224,39,0.0
23,4,0.0
144,25,1.054082371290977e-71
248,43,0.0
52,9,6.235739568630575e-76
272,47,0.0
168,29,4.165612376260469e-70
29,5,0.0
296,51,0.0
64,11,1.492821118832482e-73
35,6,0.0
216,37,0.0
76,13,1.2212785945176106e-71
240,41,0.0
88,15,4.3467259795398996e-70
288,49,0.0
100,17,0.0
312,53,0.0
112,19,1.2026070285829224e-75
124,21,0.0
136,23,2.107527393342599e-73
148,25,0.0
160,27,1.2876043690207323e-71
184,31,0.0
208,35,0.0
232,39,0.0
256,43,0.0
280,47,0.0
304,51,0.0
6,1,1.0459039009706849e-71
320,53,0.0
296,49,0.0
272,45,0.0
248,41,6.22301527786137e-61
224,37,0.0
200,33,0.0
176,29,9.055679078827115e-72
152,25,3.1228385495223114e-73
140,23,0.0
128,21,3.2570837415071214e-75
116,19,0.0
104,17,1.129662913110027e-77
288,47,0.0
92,15,0.0
264,43,0.0
80,13,3.272071657067321e-73
37,6,0.0
216,35,0.0
68,11,4.598219995053374e-75
192,31,0.0
31,5,1.5557538194653424e-61
304,49,0.0
56,9,2.830117575823304e-73
156,25,0.0
256,41,0.0
25,4,0.0
144,23,5.881230786019639e-75
232,37,0.0
320,51,0.0
44,7,3.13399055989559e-80
296,47,0.0
208,33,0.0
120,19,3.776320725244676e-77
272,43,0.0
19,3,6.770756147194392e-75
184,29,0.0
108,17,0.0
248,39,0.0
70,11,0.0
312,49,0.0
32,5,7.797085348168365e-75
148,23,0.0
264,41,0.0
58,9,0.0
200,31,0.0
84,13,8.843436600417096e-75
304,47,0.0
136,21,8.32917975098807e-77
240,37,0.0
13,2,1.631282233777435e-79
280,43,0.0
176,27,0.0
124,19,0.0
320,49,0.0
72,11,1.0741238640619334e-76
256,39,0.0
46,7,2.263919769706794e-72
296,45,0.0
112,17,3.1460482146280263e-79
33,5,0.0
152,23,1.2090635977132842e-76
192,29,0.0
232,35,0.0
272,41,0.0
312,47,0.0
20,3,1.3872412431373393e-76
288,43,0.0
248,37,0.0
208,31,0.0
168,25,0.0
74,11,0.0
128,19,8.520731487616169e-79
27,4,0.0
304,45,0.0
88,13,3.382004206129318e-82
156,23,0.0
224,33,0.0
34,5,1.203919005116998e-78
320,47,0.0
184,27,0.0
116,17,0.0
280,41,0.0
48,7,1.5526288589890398e-78
296,43,0.0
62,9,0.0
200,29,0.0
76,11,1.079521069386861e-78
256,37,0.0
104,15,1.7603782327166372e-81
132,19,0.0
160,23,4.318084277547421e-78
216,31,0.0
272,39,0.0
7,1,3.395058987316334e-81
288,41,0.0
232,33,0.0
176,25,0.0
148,21,0.0
120,17,5.88468783627996e-81
304,43,0.0
92,13,0.0
248,35,0.0
78,11,0.0
64,9,9.191559481351571e-81
264,37,0.0
50,7,0.0
136,19,1.2914192480458164e-80
208,29,0.0
280,39,0.0
36,5,1.4759363874647466e-80
296,41,0.0
224,31,0.0
152,21,0.0
29,4,0.0
312,43,0.0
80,11,5.397614236312055e-79
124,17,0.0
168,23,0.0
256,35,0.0
22,3,2.424375689665807e-84
272,37,0.0
184,25,0.0
140,19,0.0
96,13,5.858904868963804e-84
37,5,0.0
200,27,0.0
304,41,0.0
52,7,1.261918213455177e-83
320,43,0.0
216,29,0.0
112,15,2.4338295727704164e-83
232,31,0.0
15,2,4.217779999870445e-83
248,33,0.0
128,17,6.588873714519153e-83
264,35,0.0
68,9,9.059701357464274e-83
280,37,0.0
144,19,1.3177747429038877e-82
296,39,0.0
38,5,0.0
312,41,0.0
160,21,0.0
84,11,0.0
176,23,0.0
23,3,6.90893484407591e-77
192,25,0.0
100,13,0.0
208,27,0.0
54,7,0.0
224,29,0.0
116,15,0.0
240,31,0.0
31,4,0.0
256,33,0.0
132,17,0.0
272,35,0.0
70,9,0.0
288,37,0.0
148,19,0.0
304,39,0.0
39,5,0.0
320,41,0.0
8,1,5.40127676484051e-85
